ID,Name,Email,Group,Pattern,Timing,Team,Is_Dropout,PS_Pre_Total,PS_Pre_Skill1,PS_Pre_Skill2,PS_Pre_Skill3,PS_Pre_Skill4,PS_Pre_Q01,PS_Pre_Q02,PS_Pre_Q03,PS_Pre_Q04,PS_Pre_Q05,PS_Pre_Q06,PS_Pre_Q07,PS_Pre_Q08,PS_Pre_Q09,PS_Pre_Q10,PS_Pre_Q11,PS_Pre_Q12,PS_Pre_Q13,PS_Pre_Q14,PS_Pre_Q15,PS_Pre_Q16,PS_Pre_Q17,PS_Pre_Q18,PS_Pre_Q19,PS_Pre_Q20,PS_Pre_Q21,PS_Pre_Q22,PS_Pre_Q23,PS_Pre_Q24,PS_Pre_Q25,PS_Pre_Q26,PS_Pre_Q27,PS_Pre_Q28,PS_Pre_Q29,PS_Pre_Q30,PS_Post_Total,PS_Post_Skill1,PS_Post_Skill2,PS_Post_Skill3,PS_Post_Skill4,PS_Post_Q01,PS_Post_Q02,PS_Post_Q03,PS_Post_Q04,PS_Post_Q05,PS_Post_Q06,PS_Post_Q07,PS_Post_Q08,PS_Post_Q09,PS_Post_Q10,PS_Post_Q11,PS_Post_Q12,PS_Post_Q13,PS_Post_Q14,PS_Post_Q15,PS_Post_Q16,PS_Post_Q17,PS_Post_Q18,PS_Post_Q19,PS_Post_Q20,PS_Post_Q21,PS_Post_Q22,PS_Post_Q23,PS_Post_Q24,PS_Post_Q25,PS_Post_Q26,PS_Post_Q27,PS_Post_Q28,PS_Post_Q29,PS_Post_Q30,Flow_Pre_Total,Flow_Pre_D1,Flow_Pre_D2,Flow_Pre_D3,Flow_Pre_D4,Flow_Pre_D5,Flow_Pre_D6,Flow_Pre_D7,Flow_Pre_D8,Flow_Pre_I01,Flow_Pre_I02,Flow_Pre_I03,Flow_Pre_I04,Flow_Pre_I05,Flow_Pre_I06,Flow_Pre_I07,Flow_Pre_I08,Flow_Pre_I09,Flow_Pre_I10,Flow_Pre_I11,Flow_Pre_I12,Flow_Pre_I13,Flow_Pre_I14,Flow_Pre_I15,Flow_Pre_I16,Flow_Pre_I17,Flow_Pre_I18,Flow_Pre_I19,Flow_Pre_I20,Flow_Pre_I21,Flow_Pre_I22,Flow_Pre_I23,Flow_Pre_I24,Flow_Pre_I25,Flow_Pre_I26,Flow_Pre_I27,Flow_Pre_I28,Flow_Pre_I29,Flow_Pre_I30,Flow_Pre_I31,Flow_Pre_I32,Flow_Pre_I33,Flow_Pre_I34,Flow_Pre_I35,Flow_Pre_I36,Flow_Pre_I37,Flow_Pre_I38,Flow_Pre_I39,Flow_Pre_I40,Flow_Pre_I41,Flow_Pre_I42,Flow_Pre_I43,Flow_Pre_I44,Flow_Pre_I45,Flow_Pre_I46,Flow_Pre_I47,Flow_Pre_I48,Flow_Pre_I49,Flow_Pre_I50,Flow_Pre_I51,Flow_Pre_I52,Flow_Pre_I53,Flow_Pre_I54,Flow_Pre_I55,Flow_Pre_I56,Flow_Post_Total,Flow_Post_D1,Flow_Post_D2,Flow_Post_D3,Flow_Post_D4,Flow_Post_D5,Flow_Post_D6,Flow_Post_D7,Flow_Post_D8,Flow_Post_I01,Flow_Post_I02,Flow_Post_I03,Flow_Post_I04,Flow_Post_I05,Flow_Post_I06,Flow_Post_I07,Flow_Post_I08,Flow_Post_I09,Flow_Post_I10,Flow_Post_I11,Flow_Post_I12,Flow_Post_I13,Flow_Post_I14,Flow_Post_I15,Flow_Post_I16,Flow_Post_I17,Flow_Post_I18,Flow_Post_I19,Flow_Post_I20,Flow_Post_I21,Flow_Post_I22,Flow_Post_I23,Flow_Post_I24,Flow_Post_I25,Flow_Post_I26,Flow_Post_I27,Flow_Post_I28,Flow_Post_I29,Flow_Post_I30,Flow_Post_I31,Flow_Post_I32,Flow_Post_I33,Flow_Post_I34,Flow_Post_I35,Flow_Post_I36,Flow_Post_I37,Flow_Post_I38,Flow_Post_I39,Flow_Post_I40,Flow_Post_I41,Flow_Post_I42,Flow_Post_I43,Flow_Post_I44,Flow_Post_I45,Flow_Post_I46,Flow_Post_I47,Flow_Post_I48,Flow_Post_I49,Flow_Post_I50,Flow_Post_I51,Flow_Post_I52,Flow_Post_I53,Flow_Post_I54,Flow_Post_I55,Flow_Post_I56,Task_M1,Task_M2,Task_M3,Task_M4,Task_M5,Task_Bonus,Task_Total,Task_Percentage,Task_Grade,Late_M1,Late_M2,Late_M3,Late_M4,Late_M5,Late_Count
STD-001,نورهان أحمد,nourhan.ahmed84@gmail.com,1,1,2,0,0,13,1,3,1,8,1,1,0,0,1,0,1,0,0,1,0,0,0,1,1,0,0,0,1,0,0,1,0,1,1,0,0,0,1,1,11,3,2,2,4,1,0,0,1,0,1,1,0,0,1,0,1,1,0,1,0,0,0,0,0,0,0,0,1,1,0,0,1,0,0,201,28,24,24,24,22,27,27,25,4,4,4,4,4,4,4,4,3,4,3,4,3,3,4,3,3,4,3,3,4,3,3,4,3,4,4,3,3,3,4,3,3,3,3,3,4,4,4,4,4,4,3,4,4,4,4,4,4,3,4,4,4,4,3,3,240,31,32,30,32,27,34,26,28,5,5,4,5,4,4,4,4,5,5,5,5,4,4,4,5,4,4,4,4,5,5,5,5,5,4,4,4,4,3,4,4,4,4,4,5,5,5,4,5,5,5,3,4,3,4,4,4,4,4,4,4,4,4,4,4,55.5,51.0,68.9,71.3,47.5,0.0,294.2,58.8,D,0,0,0.0,0.0,0.0,0
STD-002,سارة محمود,sara.mahmoud91@gmail.com,1,1,2,0,0,13,5,2,3,3,1,0,0,1,0,1,1,1,1,0,1,0,0,0,1,0,0,1,1,0,0,0,1,0,1,1,0,0,0,0,15,4,4,0,7,1,1,0,1,0,1,1,0,0,1,1,0,0,0,1,0,1,0,1,0,0,0,0,1,1,0,1,0,1,1,175,18,25,22,23,23,21,24,19,3,2,3,3,3,2,2,3,4,4,3,4,4,3,3,4,3,3,3,3,3,3,3,4,3,3,3,4,3,4,4,3,3,3,3,3,3,3,3,3,3,3,4,4,4,3,3,3,3,3,3,3,3,3,2,2,253,34,25,32,34,28,34,34,32,4,5,5,5,5,5,5,4,3,3,3,4,4,4,5,4,4,5,5,5,4,5,5,5,5,4,5,5,4,4,5,3,4,4,4,5,5,4,5,5,5,5,5,5,5,5,5,5,4,5,5,5,4,5,4,4,61.7,56.4,74.3,67.0,66.6,0.0,326.0,65.2,C,0,0,0.0,0.0,0.0,0
STD-003,مريم حسن,mariam.hassan55@gmail.com,1,1,2,0,0,15,4,2,4,5,1,0,1,0,1,1,1,0,0,0,0,0,1,0,1,0,0,1,1,0,1,1,0,0,1,1,0,1,0,1,15,4,4,4,3,1,0,1,1,0,1,1,0,1,0,1,1,1,1,1,0,1,1,0,0,0,0,0,0,1,0,0,0,0,1,170,20,21,25,18,17,21,25,23,2,3,3,3,3,3,3,3,3,3,3,3,3,3,3,4,3,4,3,4,4,2,3,3,3,3,2,2,2,3,2,3,2,3,2,3,3,3,3,3,3,3,4,3,4,4,4,3,3,4,3,3,3,4,3,3,198,30,23,22,25,21,26,27,24,5,4,4,5,4,4,4,4,3,3,3,4,3,3,3,3,3,3,3,4,3,3,4,3,4,4,4,3,3,3,3,3,3,4,2,4,4,4,4,3,3,4,4,3,4,3,4,5,4,3,4,3,4,3,4,3,58.6,60.3,58.1,72.5,78.4,0.0,327.9,65.6,C,0,0,0.0,0.0,0.0,0
STD-004,هدى إبراهيم,huda.ibrahim22@gmail.com,1,1,2,0,0,15,3,4,1,7,0,0,0,0,1,1,1,0,1,1,0,1,0,0,1,1,1,0,1,1,1,0,1,0,1,0,0,0,0,1,14,5,4,1,4,1,0,0,1,1,1,1,0,0,0,0,1,0,0,1,1,1,0,0,0,0,0,1,0,1,1,1,0,0,1,154,24,19,20,18,17,20,15,21,3,4,4,3,3,4,3,3,3,3,3,3,2,2,3,3,3,3,3,3,2,3,3,2,3,2,3,2,3,2,2,3,2,2,3,2,3,3,3,4,3,2,2,2,2,2,3,2,2,4,3,3,3,2,3,3,207,28,25,23,22,28,26,28,27,5,4,4,3,3,5,4,4,3,4,3,4,3,4,4,4,3,3,3,3,3,2,3,4,3,3,4,3,4,4,4,4,4,4,4,4,4,4,3,3,4,4,4,4,4,4,4,4,4,3,4,3,4,4,4,5,62.6,67.1,76.8,71.9,77.1,0.0,355.5,71.1,C+,0,0,0.0,0.0,0.0,0
STD-005,آية عبدالرحمن,aya.abdelrahman7@gmail.com,1,1,2,0,0,17,4,3,4,6,1,0,0,1,0,1,1,1,0,1,1,1,1,1,1,0,1,0,0,1,0,0,1,1,1,0,0,0,0,1,12,6,2,2,2,1,0,0,1,0,1,1,1,0,0,0,1,0,0,1,1,0,1,0,0,1,0,0,0,1,1,0,0,0,0,139,18,15,18,21,18,14,14,21,3,3,3,2,3,2,2,2,2,2,2,3,2,2,3,2,2,3,3,3,2,3,3,3,3,3,3,3,3,2,3,2,3,2,3,2,2,2,2,2,2,2,2,2,2,2,2,2,2,3,3,3,3,3,3,3,187,28,19,21,21,24,22,25,27,4,4,4,4,4,4,4,3,3,2,3,2,3,3,3,3,3,3,3,3,3,3,3,3,3,3,3,3,3,4,3,4,4,3,3,3,3,4,3,3,3,3,4,4,4,4,3,3,3,4,4,3,4,4,4,4,68.9,56.0,67.5,74.2,79.1,0.0,345.7,69.1,C,0,0,0.0,0.0,0.0,0
STD-006,رنا محمد,rana.mohamed.k3@gmail.com,1,1,2,0,0,17,4,3,4,6,1,0,1,1,0,0,1,0,0,0,0,1,1,0,1,1,1,1,1,1,1,0,1,0,1,0,0,0,1,1,9,3,3,0,3,1,0,0,0,0,1,1,0,1,0,0,0,0,0,1,0,1,0,0,1,1,0,0,0,0,0,0,0,0,1,154,21,20,22,19,16,17,18,21,3,3,4,2,3,3,3,3,3,2,3,4,2,3,3,4,4,3,3,3,2,2,2,3,3,4,3,2,2,2,2,3,2,3,2,3,3,2,2,2,2,3,2,3,3,2,3,2,3,2,4,3,4,2,3,3,206,26,27,25,24,21,29,28,26,5,4,4,3,3,4,3,4,4,3,3,4,4,5,3,3,4,4,3,4,4,2,3,4,3,4,4,4,3,3,3,3,3,3,3,3,3,4,4,5,5,5,3,4,5,4,3,5,4,4,3,4,4,4,3,4,68.1,76.3,70.4,77.9,83.3,0.0,376.0,75.2,B,0,0,0.0,0.0,0.0,0
STD-007,دينا سعيد,dina.saeed40@gmail.com,1,1,2,0,0,16,5,4,3,4,1,0,0,1,1,1,1,0,0,0,1,0,1,0,1,0,1,1,0,0,0,1,0,0,1,1,1,1,0,1,16,4,5,1,6,1,1,0,1,1,1,1,0,1,1,0,0,0,0,0,1,1,0,1,0,0,0,1,1,1,0,1,0,0,1,163,20,20,24,20,23,18,17,21,3,3,3,3,3,2,3,3,3,2,3,3,3,3,4,4,3,4,3,3,3,3,3,3,2,3,3,3,4,3,4,3,3,3,3,3,2,2,3,2,3,3,3,2,3,2,3,2,2,3,3,3,3,3,3,3,215,22,29,27,29,26,29,22,31,3,3,4,3,3,3,3,4,4,4,4,4,4,5,4,4,3,4,4,4,4,4,4,5,4,4,4,4,4,3,4,3,4,4,4,5,4,4,4,4,4,4,3,4,3,3,3,3,3,5,5,4,4,5,4,4,70.2,75.5,72.3,71.5,75.0,0.0,364.5,72.9,C+,0,0,0.0,0.0,0.0,0
STD-008,نهى عادل,noha.adel.m@gmail.com,1,1,2,0,0,16,6,3,2,5,1,0,0,1,0,1,1,0,0,0,1,1,0,1,1,0,0,0,1,0,1,1,1,1,1,1,0,0,0,1,19,6,6,3,4,1,0,0,1,0,1,1,0,1,0,1,1,1,0,1,1,1,0,1,0,1,1,1,0,1,0,1,1,0,1,161,22,22,16,20,23,20,21,17,3,3,2,3,4,4,3,3,3,4,4,2,3,3,3,2,2,2,3,2,2,3,3,3,2,2,3,4,4,2,3,3,4,3,4,3,3,2,3,3,3,3,3,4,3,3,3,2,3,3,2,3,2,2,3,2,192,25,26,24,26,22,23,21,25,4,4,4,3,3,3,4,4,3,3,5,3,4,4,3,3,4,4,4,3,3,4,5,3,5,3,3,3,3,3,4,3,4,2,3,2,3,3,4,4,3,4,4,3,3,2,3,3,3,3,3,4,4,4,3,4,62.0,67.4,60.7,68.0,78.6,0.0,336.7,67.3,C,0,0,0.0,0.0,0.0,0
STD-009,شيماء طارق,shimaa.tarek19@gmail.com,1,1,2,0,0,12,3,3,2,4,1,1,1,1,0,1,1,0,0,0,0,0,0,0,1,0,1,0,0,1,0,0,1,0,1,0,0,0,0,1,19,5,3,4,7,1,0,0,1,0,1,1,1,0,0,0,0,1,0,1,1,0,0,1,1,1,1,1,1,1,0,1,1,1,1,161,21,20,21,19,24,20,15,21,3,3,3,3,3,3,3,3,3,2,3,3,3,3,3,3,3,3,3,3,3,3,3,2,3,3,2,3,4,3,4,3,4,3,3,3,3,2,3,3,3,3,2,2,3,2,2,2,2,3,3,3,3,3,3,3,208,24,26,22,28,27,28,25,28,4,4,4,3,3,3,3,4,3,4,4,3,4,4,3,3,3,3,3,4,3,4,4,4,4,4,4,4,3,4,4,4,4,4,4,4,4,4,4,4,4,4,4,4,3,4,3,3,4,4,4,4,4,4,4,4,67.0,63.5,74.0,75.1,86.0,0.0,365.6,73.1,C+,0,0,0.0,0.0,0.0,0
STD-010,إسراء حسين,esraa.hussein33@gmail.com,1,1,2,0,0,14,4,4,2,4,0,0,1,1,1,1,1,0,1,0,0,1,0,0,1,1,1,1,0,1,0,0,0,1,0,1,0,0,0,0,19,4,4,3,8,0,1,0,1,1,1,1,0,1,0,1,0,0,1,1,0,0,1,1,1,1,1,1,1,1,0,0,0,1,1,183,19,21,26,23,21,23,28,22,2,3,3,2,3,3,3,3,3,3,3,3,3,3,3,3,4,4,4,4,4,3,3,3,3,4,3,4,3,3,3,3,3,3,3,3,3,4,4,3,3,3,4,4,4,4,4,4,4,3,3,3,3,3,4,3,214,28,24,30,25,27,25,28,27,4,4,4,4,4,4,4,4,4,3,3,3,4,3,4,5,4,4,4,4,5,4,4,4,3,4,3,3,3,4,4,4,4,4,4,4,3,4,4,3,4,3,4,4,4,4,4,4,4,4,3,4,4,4,4,4,62.1,67.5,80.7,86.5,98.6,5.0,400.4,80.1,B+,0,0,0.0,0.0,0.0,0
STD-011,ريهام مصطفى,reham.mostafa5@gmail.com,1,1,2,0,0,19,5,4,4,6,1,0,0,1,0,1,1,0,0,0,1,1,1,0,1,1,1,1,1,1,0,0,1,1,1,0,1,1,0,1,22,5,5,4,8,1,0,1,1,0,1,1,1,1,1,1,1,0,0,1,0,1,0,1,1,0,0,1,1,1,1,1,1,1,1,173,20,20,24,19,25,26,20,19,3,3,3,3,2,3,3,2,3,3,3,3,3,3,3,3,3,4,4,3,4,3,3,3,3,2,3,2,3,3,4,4,4,4,3,3,4,4,4,3,4,4,2,3,3,3,3,3,3,2,2,4,3,3,2,3,231,29,30,29,30,29,26,29,29,4,4,4,4,4,4,5,4,4,4,5,5,4,4,4,5,4,4,5,4,3,5,4,4,5,4,4,4,4,4,4,5,4,4,4,4,3,4,4,4,4,3,5,4,4,4,4,4,4,4,4,4,5,4,4,4,72.5,73.6,66.9,65.2,75.0,0.0,353.2,70.6,C+,0,0,0.0,0.0,0.0,0
STD-012,منى جمال,mona.gamal.a@gmail.com,1,1,2,0,0,16,3,5,2,6,1,0,1,1,0,1,1,0,1,0,0,1,0,0,1,0,1,0,1,1,0,0,1,1,1,0,1,0,0,1,21,5,5,3,8,1,0,1,1,1,1,1,1,1,0,1,1,0,0,1,0,1,0,1,1,1,1,1,1,1,0,0,0,1,1,157,15,15,21,22,22,21,20,21,2,2,3,2,2,2,2,3,2,2,2,2,2,2,3,3,3,3,3,3,3,3,3,3,4,3,3,3,3,3,3,3,3,3,4,3,3,3,3,3,3,3,3,3,3,3,2,3,3,3,3,3,3,3,3,3,208,22,28,28,27,25,24,26,28,3,4,3,3,3,3,3,4,4,4,4,4,4,4,4,4,4,4,4,4,4,4,4,4,4,3,4,4,3,3,3,4,4,4,4,3,3,3,4,4,3,4,4,3,4,4,4,3,4,4,4,4,4,4,4,4,76.4,68.6,86.3,81.8,78.1,5.0,396.2,79.2,B,0,0,0.0,0.0,0.0,0
STD-013,سلمى عمر,salma.omar61@gmail.com,1,1,2,0,0,17,6,3,1,7,1,0,0,1,1,1,1,0,0,0,1,1,1,0,1,1,1,0,1,1,1,0,0,1,1,0,0,0,0,1,19,5,4,2,8,1,0,0,1,1,1,1,1,1,1,1,1,0,0,1,0,0,0,1,0,1,0,1,1,1,0,1,0,1,1,205,21,25,27,24,28,27,31,22,3,3,3,4,2,3,3,3,4,3,4,4,4,3,3,4,3,4,3,5,5,4,3,3,4,4,4,2,5,4,3,3,5,4,4,5,3,3,3,5,3,5,4,4,4,4,5,5,5,3,2,3,3,4,4,3,205,27,27,21,21,23,29,27,30,3,4,4,5,4,4,3,3,4,4,4,5,3,4,2,3,2,5,3,3,3,3,3,3,3,4,2,3,3,4,3,3,3,3,4,4,4,4,5,3,5,4,4,4,5,4,3,4,3,4,4,3,5,4,5,5,76.1,85.9,80.7,76.4,90.2,5.0,414.3,82.9,B+,0,0,0.0,0.0,0.0,0
STD-014,لمياء فتحي,lamiaa.fathy8@gmail.com,1,1,2,0,0,19,6,3,2,8,1,0,1,1,0,1,1,0,0,1,1,0,0,0,1,1,1,0,1,1,1,0,1,1,1,0,1,0,1,1,22,5,6,4,7,1,1,0,1,1,1,1,1,1,1,1,0,1,1,1,0,1,0,1,0,0,1,1,1,1,1,1,0,1,0,217,28,25,27,28,28,30,23,28,3,5,4,5,4,3,4,4,4,3,5,3,3,3,3,4,5,4,4,3,4,4,3,4,5,4,4,4,4,4,5,4,4,4,3,5,5,4,4,3,4,5,3,3,4,3,4,3,3,3,4,4,4,5,4,4,260,33,31,32,35,30,33,34,32,5,5,4,4,5,5,5,5,4,5,4,4,4,5,5,5,4,5,4,4,5,5,5,5,5,5,5,5,5,4,4,4,4,5,4,4,5,5,5,5,4,5,5,4,5,5,5,5,5,5,5,5,4,4,5,4,68.1,70.4,84.6,76.2,79.9,0.0,379.2,75.8,B,0,0,0.0,0.0,0.0,0
STD-015,أميرة ياسر,amira.yasser12@gmail.com,1,1,2,0,0,15,3,3,2,7,1,0,1,1,1,1,1,0,0,1,0,1,0,0,1,0,1,0,1,0,0,0,1,1,1,0,0,0,0,1,23,6,6,3,8,1,1,1,1,1,1,1,0,1,0,1,1,0,0,1,1,1,0,1,1,1,0,1,1,1,0,1,1,1,1,178,21,20,25,26,21,27,21,17,3,3,3,3,3,3,3,3,3,2,3,3,3,3,4,3,4,4,3,3,4,3,4,4,4,3,4,4,3,3,3,3,3,3,3,4,4,3,4,4,4,4,3,3,3,3,3,3,3,2,2,3,2,3,3,2,233,28,28,28,35,28,29,29,28,4,4,4,4,4,4,4,4,4,4,4,4,4,4,4,4,4,4,4,4,4,5,5,5,5,5,5,5,4,4,4,4,4,4,4,4,5,4,4,4,4,4,4,4,4,4,4,5,4,4,4,4,4,4,4,4,73.4,85.7,69.4,84.7,81.1,5.0,399.3,79.9,B,0,0,0.0,0.0,0.0,0
STD-016,حنان وليد,hanan.waleed.s@gmail.com,1,1,2,0,0,16,5,5,1,5,1,0,0,1,0,1,1,0,1,1,1,1,0,0,0,1,1,0,1,0,0,0,1,0,1,0,1,0,1,1,22,6,5,3,8,1,0,0,1,1,1,1,1,1,0,1,0,0,1,1,1,1,0,1,1,0,1,1,1,1,1,1,0,1,1,169,19,19,20,23,20,26,24,18,3,3,2,2,2,4,3,2,3,4,3,2,2,3,2,3,3,3,3,3,3,4,4,3,3,4,3,2,3,3,3,2,3,3,3,3,4,4,4,3,4,4,4,3,4,3,3,3,4,2,2,3,3,3,2,3,227,33,30,28,28,23,33,24,28,5,5,5,5,4,5,4,4,5,4,4,5,4,4,4,4,5,4,3,4,4,5,4,4,3,4,4,4,4,3,3,3,3,3,4,5,5,5,5,3,5,5,4,3,3,3,3,4,4,4,4,5,4,4,4,3,76.6,81.6,100.0,99.9,78.2,15.0,451.3,90.3,A+,0,0,0.0,0.0,0.0,0
STD-017,عبير خالد,abeer.khaled44@gmail.com,1,1,2,0,0,24,6,5,5,8,1,0,1,1,1,1,1,1,1,1,1,1,0,0,1,1,1,1,1,1,0,0,1,1,1,1,1,1,0,1,22,6,6,1,9,1,0,0,1,1,1,1,0,1,1,1,1,0,0,1,0,1,0,1,1,1,1,1,1,1,1,1,0,1,1,160,17,17,20,17,22,22,26,19,2,3,2,3,2,2,3,2,2,3,3,2,2,3,3,3,3,3,2,3,3,3,2,3,2,2,2,3,3,4,3,3,3,3,3,3,3,3,3,3,3,4,4,3,4,4,3,4,4,2,2,3,3,3,3,3,236,29,26,27,34,34,30,26,30,5,4,4,4,4,4,4,3,4,4,3,4,4,4,4,4,3,4,4,4,4,5,5,4,5,5,5,5,4,5,5,5,5,5,5,4,5,4,4,4,4,5,3,4,4,4,4,3,4,4,4,4,4,5,4,5,74.3,74.0,81.2,69.4,71.0,0.0,369.9,74.0,C+,0,0,0.0,0.0,0.0,0
STD-018,رشا أشرف,rasha.ashraf9@gmail.com,1,1,2,0,0,20,6,4,2,8,1,0,0,1,0,1,1,0,1,1,0,1,0,0,1,1,1,0,1,1,1,0,1,1,1,1,0,1,1,1,18,4,4,2,8,1,0,0,1,1,1,1,0,0,1,1,1,1,0,1,0,1,0,1,0,0,1,1,1,1,0,0,0,1,1,173,25,26,23,21,18,18,23,19,3,3,4,4,4,3,4,4,4,3,3,4,4,4,3,3,4,3,3,3,4,3,3,3,2,3,3,4,3,3,2,2,3,3,2,3,2,2,2,2,4,3,3,3,3,3,4,4,3,2,3,3,3,2,4,2,237,27,29,31,33,33,33,25,26,4,4,4,5,4,3,3,4,4,5,4,4,4,4,5,4,4,5,4,4,5,5,4,4,5,5,5,5,5,4,5,4,5,5,5,5,5,4,5,4,5,5,3,4,4,3,3,4,4,4,4,4,4,4,3,3,75.7,85.8,87.3,81.7,84.4,5.0,419.9,84.0,B+,0,0,0.0,0.0,0.0,0
STD-019,علا حمدي,ola.hamdy.m@gmail.com,1,1,2,0,0,19,4,5,3,7,1,0,0,1,1,1,1,0,1,0,0,0,1,1,1,0,1,0,1,1,0,1,1,1,1,1,1,0,0,1,24,6,6,3,9,1,1,0,1,1,1,1,0,1,1,0,1,0,0,1,1,1,1,1,1,1,0,1,1,1,1,1,1,1,1,113,15,15,16,14,16,9,12,16,2,2,2,2,3,2,2,3,2,2,2,2,2,2,2,3,2,2,3,3,1,1,3,2,2,2,2,2,2,3,2,2,3,2,2,1,2,1,1,1,2,1,2,1,2,2,2,1,2,2,2,2,2,3,2,3,218,30,26,24,26,30,28,24,30,5,5,5,4,4,3,4,4,4,4,3,3,4,4,3,3,4,3,4,4,3,4,4,4,4,3,3,4,4,4,5,4,5,4,4,4,4,5,4,4,3,4,4,3,4,3,3,4,3,4,5,4,5,4,4,4,78.0,76.4,87.2,85.0,100.0,15.0,441.6,88.3,A,0,0,0.0,0.0,0.0,0
STD-020,نجلاء سامي,naglaa.samy27@gmail.com,1,1,2,0,0,22,6,6,2,8,1,1,0,1,1,1,1,0,1,1,1,1,0,1,1,1,1,0,1,1,0,1,1,1,0,1,0,0,1,1,24,7,6,3,8,1,0,0,1,1,1,1,0,1,0,1,1,0,0,1,1,1,1,1,1,1,1,1,1,1,1,1,1,1,1,126,16,13,17,16,17,17,14,16,2,3,2,2,2,3,2,3,3,1,3,1,1,1,3,1,2,4,2,3,2,1,1,3,3,2,2,4,4,3,3,2,2,1,2,2,4,4,2,2,2,1,3,2,1,1,3,3,1,3,3,1,2,3,2,2,230,27,27,26,29,30,30,29,32,4,4,4,4,4,4,3,4,3,3,3,5,4,5,4,5,2,4,3,4,4,4,5,5,3,3,5,4,5,3,4,4,5,4,5,5,5,4,4,4,3,5,4,4,4,5,5,3,4,5,5,5,5,4,4,4,83.1,78.0,84.9,94.2,93.8,15.0,449.0,89.8,A,0,0,0.0,0.0,0.0,0
STD-021,فاطمة علي,fatma.ali.k2@gmail.com,2,1,1,0,0,10,4,2,2,2,1,0,0,1,0,1,1,1,0,0,0,1,0,0,1,1,0,0,0,0,0,0,1,0,0,0,0,0,0,1,16,4,3,4,5,1,0,1,1,1,1,1,0,1,0,0,0,1,0,1,0,1,0,0,1,1,0,1,1,1,0,0,1,0,0,212,23,27,31,28,28,24,21,30,4,3,3,3,4,3,3,5,3,3,4,4,4,4,4,5,5,4,4,4,5,4,4,5,3,3,4,5,4,5,4,3,4,4,4,3,4,4,3,3,3,4,3,3,3,3,3,3,3,4,5,4,4,5,4,4,218,27,22,27,27,25,30,29,31,4,3,4,4,4,4,4,3,3,3,3,3,4,3,3,5,3,4,4,4,4,4,4,5,3,3,4,4,4,3,3,4,4,3,4,4,4,4,4,5,4,5,4,4,4,5,4,4,4,5,4,4,5,4,5,4,31.5,33.0,59.2,71.7,72.5,0.0,267.9,53.6,F,1,1,0.0,0.0,0.0,2
STD-022,زينب عبدالله,zeinab.abdallah6@gmail.com,2,1,1,0,0,12,3,2,4,3,1,0,0,1,0,1,1,1,0,0,0,0,1,1,1,0,0,0,1,0,0,1,1,0,0,0,0,0,0,1,13,4,4,1,4,1,0,0,1,0,1,1,0,1,0,0,1,0,1,1,0,0,0,0,1,0,1,0,0,1,1,0,0,0,1,188,22,26,22,21,26,26,19,26,3,4,3,2,4,3,3,4,5,3,3,3,3,5,4,3,3,4,3,2,3,2,3,2,3,3,4,4,3,4,3,4,4,4,4,5,4,3,2,4,5,3,2,3,3,2,3,4,2,3,3,4,5,4,3,4,174,20,24,27,23,20,19,20,21,4,2,3,3,3,2,3,4,5,3,3,3,3,3,3,4,3,4,5,4,4,3,3,4,4,3,2,4,2,2,2,4,3,4,3,4,3,3,3,2,2,2,2,2,4,3,3,4,2,4,2,2,3,3,4,3,39.1,47.6,28.8,37.5,43.5,0.0,196.5,39.3,F,1,1,1.0,1.0,1.0,5
STD-023,هبة الله ماجد,heba.maged31@gmail.com,2,1,1,0,0,10,3,2,2,3,0,0,0,0,0,1,1,0,0,0,1,0,0,0,1,1,1,0,0,0,0,0,1,1,0,0,0,1,0,1,14,4,3,2,5,1,0,0,0,0,1,1,0,1,1,0,0,0,0,1,0,1,1,0,1,1,0,1,0,1,1,0,0,0,1,161,19,15,22,19,25,20,21,20,3,3,3,2,2,3,3,2,2,1,3,2,3,2,4,3,3,4,3,3,2,3,3,1,3,3,3,3,4,3,4,4,4,3,3,3,2,2,2,3,4,4,2,3,3,3,3,3,4,4,2,3,3,2,4,2,169,25,20,16,19,24,22,20,23,3,3,3,4,4,4,4,4,2,3,4,2,2,3,1,2,2,3,3,2,3,2,2,4,3,2,4,2,4,3,4,4,2,3,4,2,4,3,2,4,4,3,4,3,3,3,2,2,3,3,3,4,4,3,2,4,56.8,62.6,47.3,52.3,67.0,10.0,296.0,59.2,D,0,0,0.0,1.0,0.0,1
STD-024,ندى رمضان,nada.ramadan.h@gmail.com,2,1,1,0,0,15,5,3,2,5,1,1,0,1,0,1,1,1,0,1,0,0,0,0,1,0,1,0,1,0,1,0,1,0,1,1,0,0,0,1,18,6,3,2,7,1,0,0,1,0,1,1,0,1,0,1,0,1,0,1,1,1,0,1,1,1,0,1,1,1,0,0,0,1,1,147,21,20,19,15,21,14,21,16,3,3,3,3,3,3,3,3,3,3,2,3,3,3,3,3,3,3,2,2,3,2,3,2,2,2,2,2,3,3,3,3,3,3,3,2,2,2,2,2,2,2,3,3,3,3,3,3,3,3,2,2,2,2,3,2,196,21,21,24,29,30,21,22,28,3,3,3,3,3,3,3,3,3,3,3,3,3,3,3,3,3,3,4,4,4,4,4,4,4,4,5,4,4,4,4,4,5,4,5,3,3,3,3,3,3,3,3,3,3,3,4,3,3,4,4,4,4,4,4,4,47.0,48.0,68.9,80.5,86.9,0.0,331.3,66.3,C,1,1,0.0,0.0,0.0,2
STD-025,روان كمال,rawan.kamal18@gmail.com,2,1,1,0,0,11,2,2,3,4,0,0,1,1,1,0,1,1,0,0,0,0,0,0,0,0,1,0,0,1,0,0,1,0,1,1,0,0,0,1,13,4,2,2,5,1,0,1,1,1,1,1,0,0,0,0,1,0,0,1,0,0,0,0,0,1,0,1,0,1,0,0,0,1,1,165,19,25,20,18,21,19,24,19,2,3,2,3,3,3,3,4,3,5,4,2,4,3,4,3,3,2,3,3,2,3,2,3,2,4,2,2,3,2,3,3,4,3,3,2,2,3,3,3,3,3,3,3,2,4,5,3,4,2,3,2,2,2,4,4,210,25,30,28,24,24,27,25,27,4,4,3,4,3,4,3,4,5,4,4,4,5,4,3,3,4,5,5,4,4,3,4,3,3,4,3,4,3,2,2,5,4,4,4,4,4,4,3,4,5,3,4,3,4,3,3,4,4,5,4,3,4,3,4,4,48.4,82.7,33.6,56.8,63.1,0.0,284.6,56.9,D,1,0,1.0,0.0,0.0,2
STD-026,جنى هشام,ganna.hesham4@gmail.com,2,1,1,0,0,17,6,4,1,6,1,0,0,1,0,1,1,0,0,0,1,1,0,0,1,0,1,1,1,1,1,0,0,1,1,1,1,0,0,1,17,5,3,2,7,1,0,0,1,0,1,1,0,0,1,0,1,1,0,1,1,1,0,0,1,0,0,1,1,1,1,0,0,1,1,186,21,24,21,25,27,21,25,22,3,3,3,3,3,3,3,3,3,3,4,4,4,3,3,3,3,3,3,3,3,4,3,4,4,3,3,4,4,4,4,4,4,3,4,3,3,3,3,3,3,3,3,3,4,4,3,4,4,3,3,3,3,4,3,3,248,32,27,33,28,33,29,33,33,4,5,5,4,5,5,4,4,4,4,4,3,4,4,5,5,4,5,5,5,4,4,4,4,4,4,4,4,5,4,5,5,5,4,5,4,4,4,4,5,4,4,5,4,5,5,5,5,4,4,5,5,5,5,4,5,65.0,71.1,77.2,74.8,31.4,10.0,329.5,65.9,C,0,0,0.0,0.0,1.0,1
STD-027,بسمة نبيل,basma.nabil.r@gmail.com,2,1,1,0,0,13,3,3,2,5,1,0,0,1,0,0,1,0,1,1,0,0,0,1,1,0,1,0,0,1,1,0,1,1,1,0,0,0,0,0,17,6,4,2,5,1,0,0,1,1,1,1,1,0,0,1,1,0,0,0,1,1,0,1,1,0,1,1,0,1,1,0,0,0,1,125,17,16,15,21,12,11,14,19,2,3,2,3,2,2,3,2,3,3,1,3,2,2,2,3,2,2,1,2,3,3,3,4,3,2,3,3,1,3,1,1,2,2,2,2,1,1,2,1,2,2,3,2,2,1,3,2,1,3,3,2,2,3,3,3,136,17,18,15,18,19,19,17,13,2,3,3,2,3,1,3,3,2,2,3,3,3,2,3,3,3,1,2,1,2,4,3,3,2,2,2,2,3,2,3,3,3,3,2,2,3,2,3,3,3,3,2,2,3,3,2,2,3,3,2,1,1,3,1,2,64.5,73.2,73.8,69.5,69.1,15.0,365.1,73.0,C+,0,0,0.0,0.0,0.0,0
STD-028,ملك أيمن,malak.ayman50@gmail.com,2,1,1,0,0,16,6,2,2,6,1,0,1,1,0,1,1,0,0,1,0,0,0,0,1,1,1,0,1,0,1,0,1,0,1,1,0,0,1,1,21,5,5,3,8,1,0,0,1,0,1,1,1,1,1,1,1,0,1,1,0,1,0,1,1,0,0,1,1,1,1,1,0,1,1,219,26,31,29,31,20,29,22,31,4,4,3,4,4,3,4,5,5,4,5,4,3,5,4,5,4,3,4,5,4,5,5,4,3,5,5,4,2,3,3,3,4,3,2,5,4,4,5,3,4,4,3,3,4,3,2,4,3,5,5,5,3,5,4,4,213,30,25,26,25,27,26,30,24,4,4,4,5,3,5,5,3,3,4,4,4,4,3,3,3,4,4,5,4,3,3,3,3,5,3,3,5,3,4,5,3,3,4,5,3,5,4,3,5,3,3,5,4,4,5,4,5,3,3,3,4,4,3,4,3,66.5,64.2,44.0,72.5,67.1,10.0,324.3,64.9,D+,0,0,1.0,0.0,0.0,1
STD-029,تقى شريف,toqa.sherif23@gmail.com,2,1,1,0,0,22,6,5,3,8,1,0,0,1,1,1,1,0,1,1,1,1,0,1,1,1,1,0,1,1,1,1,1,1,1,0,0,1,0,1,21,6,3,5,7,1,0,1,1,0,1,1,1,0,1,0,1,0,1,1,1,1,0,1,1,1,0,1,0,1,1,0,1,1,1,148,18,14,15,18,22,22,19,20,2,3,2,3,3,3,2,1,3,1,3,2,2,2,2,1,2,3,1,3,3,3,2,2,3,3,2,3,2,4,3,3,3,4,3,4,2,3,4,3,3,3,3,3,3,2,2,3,3,4,3,3,2,2,3,3,159,16,24,21,16,19,22,17,24,2,2,2,2,3,3,2,3,3,4,3,3,4,4,4,2,3,3,3,3,3,3,2,3,2,2,2,2,2,3,3,2,3,3,3,3,3,4,3,2,3,4,2,3,2,3,3,2,2,3,4,4,4,3,3,3,56.4,51.4,77.7,69.2,66.5,0.0,321.2,64.2,D+,1,1,0.0,0.0,0.0,2
STD-030,لجين سمير,logain.samir.a@gmail.com,2,1,1,0,0,12,4,2,2,4,1,0,1,0,0,1,1,0,0,0,0,0,0,0,1,1,1,0,1,0,1,0,1,0,1,0,0,0,0,1,17,5,4,2,6,1,0,0,1,0,1,1,0,0,0,0,1,0,1,1,1,1,0,0,1,1,0,1,1,1,0,1,0,1,1,183,23,20,21,27,26,22,20,24,3,4,3,3,3,4,3,3,3,2,3,3,3,3,3,3,3,3,3,3,3,4,3,4,4,4,4,4,4,4,4,4,3,4,3,3,4,3,3,3,3,3,3,2,3,3,3,3,3,3,3,4,4,4,3,3,181,23,19,21,27,23,20,25,23,3,4,4,3,3,3,3,3,2,2,3,3,3,3,3,3,3,3,3,3,3,4,4,4,3,4,4,4,3,4,3,3,4,3,3,3,3,2,3,3,3,3,4,3,3,4,4,3,4,4,3,3,3,4,3,3,68.4,80.0,68.3,58.7,88.5,15.0,378.9,75.8,B,0,0,0.0,1.0,0.0,1
STD-031,ياسمين وائل,yasmin.wael37@gmail.com,2,1,1,0,0,20,6,4,3,7,1,1,0,1,0,1,1,0,0,0,1,1,0,0,1,0,1,1,1,1,1,0,1,1,1,1,0,1,1,1,19,5,3,2,9,1,0,0,1,1,1,1,0,0,1,0,1,0,0,1,1,1,1,1,1,1,0,1,1,1,0,0,0,1,1,166,22,21,22,19,18,15,26,23,3,3,3,3,4,3,3,3,2,4,2,3,4,3,3,2,4,3,4,2,4,2,3,3,2,4,2,3,3,2,2,2,3,3,3,1,2,2,2,2,3,3,4,4,4,5,3,2,4,4,4,3,3,3,2,4,172,23,27,19,19,19,22,22,21,3,3,4,4,3,3,3,4,4,3,4,3,4,5,3,2,4,3,2,3,2,2,2,3,3,3,3,3,3,2,2,4,3,3,2,3,2,3,4,4,3,3,3,3,3,3,3,3,4,3,2,2,2,5,5,2,79.0,79.2,60.5,68.0,74.4,20.0,381.1,76.2,B,0,0,0.0,0.0,0.0,0
STD-032,حبيبة عصام,habiba.essam11@gmail.com,2,1,1,0,0,16,4,2,3,7,1,0,0,1,1,1,1,0,0,0,1,0,0,1,1,0,0,1,1,1,0,0,1,1,1,0,1,0,0,1,20,4,5,2,9,1,1,1,1,1,1,1,0,1,1,0,0,0,0,1,1,1,0,1,1,0,1,1,1,1,0,0,0,1,1,166,18,24,17,23,18,25,21,20,3,3,2,3,2,2,3,4,3,4,3,3,4,3,3,2,3,2,2,2,3,3,3,4,3,3,4,3,2,3,3,3,2,3,2,4,4,3,4,4,3,3,3,3,2,3,3,3,4,3,3,3,2,3,3,3,202,25,25,25,28,22,25,27,25,4,3,3,3,4,5,3,3,4,5,3,3,4,3,4,3,4,3,4,4,3,3,5,4,3,5,4,4,3,4,3,4,2,3,3,3,3,4,4,4,4,3,3,4,4,4,4,4,4,4,3,4,4,4,3,3,63.4,50.2,78.9,85.4,84.3,15.0,377.2,75.4,B,0,1,0.0,0.0,0.0,1
STD-033,مها رضا,maha.reda.m@gmail.com,2,1,1,0,0,20,3,4,5,8,1,0,0,1,1,1,1,1,1,0,0,1,1,1,1,0,1,0,1,1,0,0,1,1,1,0,0,1,1,1,22,6,5,3,8,1,0,0,1,0,1,1,1,1,1,1,1,0,1,1,0,1,0,1,1,1,1,1,1,1,1,0,0,1,1,162,22,24,21,16,17,25,18,19,2,3,3,4,4,3,3,3,3,4,4,3,3,4,2,3,2,4,3,3,4,2,2,2,3,3,2,2,2,2,3,2,3,2,3,4,4,3,4,3,4,3,2,3,3,3,2,2,3,2,3,3,2,3,3,3,190,23,29,24,21,22,25,23,23,4,4,3,4,2,4,2,4,4,3,5,4,5,4,4,3,3,3,4,4,3,2,3,4,3,3,3,3,3,4,3,3,3,2,4,3,4,4,4,3,3,4,4,3,3,3,3,3,4,3,4,3,4,2,4,3,72.6,79.6,72.5,72.4,81.3,20.0,398.4,79.7,B,0,0,0.0,0.0,0.0,0
STD-034,داليا منير,dalia.mounir66@gmail.com,2,1,1,0,0,21,5,6,3,7,1,1,0,1,1,1,1,0,1,1,1,1,0,1,1,0,1,0,1,1,1,0,1,0,1,0,1,1,0,1,19,6,4,2,7,1,1,1,1,0,1,1,0,0,0,1,1,0,0,1,1,1,0,1,1,0,0,0,1,1,1,0,1,1,1,157,22,18,23,20,23,20,16,15,4,2,2,4,2,4,4,3,4,2,2,2,2,3,3,2,2,4,4,4,4,4,3,2,3,3,2,3,4,2,4,4,3,3,3,3,2,3,3,3,4,2,2,2,2,2,4,2,2,3,3,2,3,1,1,2,168,23,22,21,18,24,20,22,18,3,4,3,3,4,3,3,3,2,3,4,4,3,3,3,3,4,3,4,2,2,2,2,2,3,3,3,3,3,4,3,4,3,3,4,4,2,3,4,2,2,3,2,3,4,3,3,4,3,2,2,1,3,4,4,2,53.1,62.8,69.7,70.9,78.9,10.0,345.4,69.1,C,1,1,0.0,0.0,0.0,2
STD-035,سمر حسام,samar.hossam.k@gmail.com,2,1,1,0,0,21,5,5,3,8,1,1,0,1,0,1,1,0,0,1,1,1,0,1,1,1,1,1,1,1,0,0,1,1,1,0,1,0,1,1,18,4,3,3,8,1,0,0,1,0,1,1,0,0,1,0,1,0,1,1,0,1,0,1,1,1,0,1,1,1,0,0,1,1,1,197,22,30,27,21,27,22,25,23,4,3,3,3,4,3,2,4,5,3,5,4,4,5,4,5,4,3,4,3,4,3,3,4,2,4,2,3,3,3,3,4,4,5,5,3,3,3,4,4,3,2,3,4,4,4,3,4,3,4,3,3,3,4,3,3,215,24,29,30,23,25,23,33,28,3,3,4,4,3,3,4,5,5,4,4,5,3,3,5,5,3,4,4,5,4,3,3,3,2,4,4,4,3,3,4,3,4,4,4,3,3,4,4,3,3,3,5,5,4,4,5,5,5,4,3,4,4,5,5,3,30.4,50.8,66.3,86.4,81.8,0.0,315.7,63.1,D+,1,1,1.0,0.0,0.0,3
STD-036,نور عماد,nour.emad42@gmail.com,2,1,1,0,0,19,4,7,1,7,1,1,0,1,0,1,1,0,1,1,0,1,0,0,1,1,1,0,1,1,0,1,1,0,1,0,1,0,1,1,21,5,4,3,9,1,0,1,1,1,1,1,0,0,1,1,1,0,1,1,0,1,0,1,1,1,0,1,1,1,0,1,0,1,1,206,27,17,26,29,27,25,24,31,4,3,3,4,4,5,4,3,2,2,2,3,2,3,4,4,4,4,3,4,3,3,4,5,5,4,5,3,4,3,3,4,4,4,5,4,4,3,3,3,4,4,3,3,4,4,2,4,4,5,5,5,4,4,3,5,241,31,32,30,30,30,33,28,27,4,5,4,4,4,5,5,5,5,4,5,4,4,5,4,5,5,4,3,5,4,5,4,3,4,5,4,5,4,4,4,5,5,4,4,5,5,5,4,4,5,5,5,4,3,4,4,4,4,4,4,3,3,4,5,4,54.5,56.1,30.3,53.6,45.8,0.0,240.3,48.1,F,1,1,1.0,1.0,1.0,5
STD-037,إيمان بدر,eman.badr.s@gmail.com,2,1,1,0,0,20,6,3,2,9,1,0,0,1,1,1,1,0,0,1,1,1,0,1,1,0,0,0,1,1,1,0,1,1,1,1,1,0,1,1,20,6,4,3,7,1,1,0,1,0,1,0,0,1,0,1,0,1,0,1,1,1,1,1,1,1,0,1,1,1,0,1,0,1,1,152,21,24,16,18,18,20,13,22,4,3,2,3,3,2,4,4,3,4,3,4,3,3,3,1,3,2,3,2,2,4,3,2,2,2,3,2,2,1,1,2,4,4,4,3,2,4,2,4,4,1,2,3,1,3,2,1,1,3,2,3,4,3,3,4,195,26,21,23,25,30,22,24,24,5,3,5,4,3,3,3,4,4,2,2,4,3,2,4,4,3,4,3,3,2,4,3,3,4,3,4,4,5,3,3,5,5,4,5,3,2,2,3,5,3,4,3,4,2,4,4,3,4,4,3,3,3,4,4,3,51.4,32.3,80.6,72.2,81.0,0.0,317.5,63.5,D+,1,1,0.0,0.0,0.0,2
STD-038,هند صلاح,hend.salah15@gmail.com,2,1,1,0,0,18,5,5,1,7,1,0,0,1,0,1,1,0,1,0,1,1,0,0,1,1,1,0,1,1,0,1,1,1,1,0,0,0,1,1,20,6,4,2,8,1,0,0,1,1,1,1,0,0,1,1,1,1,0,1,1,1,0,1,0,0,1,1,1,1,1,0,0,1,1,173,23,19,23,22,23,22,19,22,3,3,3,4,3,3,4,3,3,3,2,3,3,2,4,3,3,2,4,3,4,4,3,4,2,2,4,3,3,3,3,4,3,4,3,3,3,3,4,3,3,3,2,3,3,3,2,3,3,3,4,2,3,4,3,3,216,28,27,25,21,25,33,29,28,4,4,4,3,4,5,4,5,4,3,4,3,4,4,3,4,3,4,4,4,3,3,3,3,3,3,3,3,4,4,3,3,3,4,4,5,4,4,5,5,5,5,4,4,5,4,4,4,4,4,4,4,4,4,5,3,55.4,61.8,38.5,46.3,80.6,0.0,282.6,56.5,D,1,1,1.0,1.0,0.0,4
STD-039,ميرنا جابر,mirna.gaber29@gmail.com,2,1,1,0,0,21,7,5,2,7,1,0,0,1,0,1,1,0,1,0,1,0,0,1,1,1,1,0,1,1,1,1,1,1,1,1,1,0,1,1,24,6,6,4,8,1,1,1,1,1,1,1,1,1,0,1,1,0,0,1,1,1,0,1,1,0,0,1,1,1,1,1,1,1,1,199,24,31,22,23,26,24,24,25,4,3,3,4,3,3,4,4,5,4,4,4,5,5,3,4,3,2,4,3,3,3,2,3,4,3,4,4,4,3,4,4,4,3,4,4,4,3,3,4,3,3,4,3,3,3,4,4,3,3,4,4,3,3,4,4,214,25,32,23,28,25,24,27,30,4,3,3,4,4,3,4,4,5,4,5,5,5,4,4,3,2,3,3,4,4,4,4,4,4,4,5,3,3,3,4,5,4,3,3,3,3,4,3,3,4,4,3,5,4,4,4,3,4,3,4,4,5,4,5,5,32.6,54.7,46.0,98.8,30.0,0.0,262.1,52.4,F,1,1,1.0,0.0,1.0,4
STD-040,كريمة ناصر,karima.nasser.h@gmail.com,2,1,1,0,0,23,7,5,2,9,1,1,0,1,1,1,1,0,1,1,1,1,0,0,1,1,1,0,1,1,1,0,1,1,1,1,0,1,1,1,18,4,6,1,7,1,0,0,1,0,0,1,0,1,1,1,1,1,0,1,0,1,0,0,1,0,1,0,1,1,1,1,0,1,1,217,25,29,30,24,27,29,23,30,3,4,3,4,4,3,4,4,5,4,4,4,3,5,4,5,4,4,4,4,5,3,4,3,3,4,4,3,4,4,3,4,4,4,4,5,4,4,4,5,4,3,3,4,3,3,3,4,3,4,5,5,5,3,4,4,218,27,27,28,29,26,29,23,29,4,4,3,5,3,4,4,4,4,3,4,4,5,3,4,4,4,5,3,4,4,5,4,3,5,5,3,4,4,4,4,3,4,4,3,4,4,4,5,5,4,3,3,4,4,3,3,3,3,4,5,4,4,4,4,4,80.0,77.3,68.1,81.5,88.6,20.0,415.5,83.1,B+,0,0,0.0,0.0,0.0,0
STD-041,ياسمين خالد,yasmin.khaled77@gmail.com,3,2,2,6,0,10,3,3,2,2,0,0,0,1,0,1,1,1,0,0,0,1,0,0,0,0,0,1,1,0,1,1,0,0,0,0,0,0,0,1,17,5,5,2,5,1,1,1,1,0,1,1,0,1,0,1,1,0,0,0,0,1,0,1,1,1,0,1,1,1,0,0,0,0,1,211,23,30,25,27,26,27,28,25,3,4,4,3,3,3,3,4,5,4,4,5,4,4,4,4,4,3,3,3,4,4,4,4,3,4,4,4,4,4,3,3,4,4,4,4,3,4,4,4,3,5,4,4,4,4,5,4,3,4,4,3,3,3,4,4,250,32,32,29,31,35,28,30,33,5,4,5,4,4,5,5,4,5,5,5,4,4,5,4,3,4,4,4,5,5,4,4,5,4,5,5,4,5,5,5,5,5,5,5,5,5,3,4,3,4,4,5,4,4,4,4,5,4,5,5,5,5,4,4,5,66.0,74.6,86.7,83.5,77.5,0.0,388.3,77.7,B,0,0,0.0,0.0,0.0,0
STD-042,هاجر عبدالعزيز,hagar.abdelaziz3@gmail.com,3,2,2,3,0,6,2,1,0,3,0,0,0,1,0,1,1,0,0,1,0,0,0,0,1,0,0,0,0,0,0,0,0,0,0,0,0,0,0,1,15,6,3,1,5,1,0,0,1,0,1,1,0,0,0,1,1,0,0,1,1,1,0,0,1,1,0,1,0,1,0,0,0,1,1,147,17,17,13,17,15,23,22,23,3,2,2,4,2,2,2,3,3,2,2,3,2,2,3,2,2,1,1,1,3,2,1,3,3,2,3,3,1,2,2,2,2,3,3,4,3,3,3,4,4,2,3,3,4,2,3,4,3,3,3,3,3,4,3,4,206,23,30,26,29,22,23,27,26,4,3,2,3,3,5,3,4,5,3,4,5,4,5,3,4,4,4,4,3,4,4,4,4,5,4,3,5,3,3,3,4,4,2,3,3,4,4,4,2,2,4,3,5,3,4,5,4,3,5,3,3,4,5,3,3,72.0,76.3,78.2,80.9,81.8,0.0,389.2,77.8,B,0,0,0.0,0.0,0.0,0
STD-043,رحمة طه,rahma.taha.n@gmail.com,3,2,2,4,0,16,5,4,1,6,1,0,0,1,0,1,1,0,1,1,1,0,0,0,1,1,1,1,0,1,0,1,0,0,1,0,0,0,1,1,20,4,5,3,8,1,1,1,1,0,1,1,0,0,1,1,1,0,0,1,0,1,0,1,1,0,0,1,1,1,0,1,1,1,1,102,10,12,17,10,12,13,17,11,2,2,1,1,2,1,1,1,2,1,2,2,2,2,3,2,2,3,3,2,2,1,2,1,1,2,2,1,1,2,1,2,2,2,2,2,1,2,2,2,2,2,2,3,2,2,3,3,2,2,2,2,1,1,2,1,208,25,28,30,24,24,27,28,22,4,3,4,4,4,3,3,4,4,4,4,4,4,4,4,4,5,5,4,4,4,4,3,3,4,3,3,4,3,3,4,3,4,4,3,4,4,4,4,4,4,3,4,4,4,4,4,4,4,3,3,3,4,3,3,3,72.2,75.0,90.2,76.8,82.0,0.0,396.2,79.2,B,0,0,0.0,0.0,0.0,0
STD-044,أمل فاروق,amal.farouk58@gmail.com,3,2,2,6,0,14,4,3,1,6,0,0,1,1,0,1,1,0,1,0,1,0,0,0,1,0,0,0,1,0,1,0,0,1,1,0,1,0,1,1,17,5,4,2,6,1,0,0,1,1,1,1,0,1,0,1,0,0,0,1,1,1,1,1,1,0,0,1,0,1,0,1,0,0,1,148,21,20,18,16,17,17,19,20,4,2,4,3,2,4,2,2,2,4,3,4,3,2,2,2,2,3,3,3,3,3,2,3,2,1,2,3,2,3,4,1,2,2,3,4,2,2,2,2,3,2,3,3,4,2,2,2,3,3,3,2,3,3,4,2,210,25,31,28,28,21,26,22,29,3,3,4,3,4,4,4,5,4,5,4,3,5,5,5,3,5,5,4,3,3,5,3,4,5,4,3,4,3,2,3,3,3,3,4,5,3,3,5,3,3,4,3,3,3,3,3,4,3,4,4,4,4,3,5,5,66.0,74.6,86.7,83.5,77.5,0.0,388.3,77.7,B,0,0,0.0,0.0,0.0,0
STD-045,سهام عبدالحميد,seham.abdelhamid@gmail.com,3,2,2,5,0,13,3,2,2,6,1,0,0,1,0,1,1,1,0,0,0,0,0,0,1,0,0,0,1,1,0,0,0,0,1,0,1,1,1,1,19,5,4,3,7,1,1,0,1,1,1,1,1,0,0,1,1,0,0,1,0,0,0,1,0,1,1,1,1,1,0,0,1,1,1,135,20,13,20,13,10,19,18,22,2,3,3,3,3,3,3,1,3,1,2,1,3,2,3,3,3,2,2,4,3,2,3,2,2,2,1,1,1,1,3,1,2,1,1,3,2,3,2,2,3,4,3,2,4,2,2,2,3,2,2,4,4,3,4,3,225,30,23,32,27,23,30,29,31,5,4,4,3,4,5,5,3,3,3,4,4,4,2,5,4,5,5,4,4,5,4,4,4,4,3,5,3,3,4,3,3,4,3,3,4,5,4,4,4,5,4,5,3,4,4,4,4,5,5,4,4,4,5,4,5,77.6,75.0,83.8,85.3,84.6,15.0,421.3,84.3,B+,0,0,0.0,0.0,0.0,0
STD-046,وفاء محسن,wafaa.mohsen.s@gmail.com,3,2,2,1,0,18,4,4,5,5,1,0,1,1,0,1,1,1,0,1,0,0,1,0,1,1,1,0,1,0,0,1,1,0,1,0,1,1,0,1,18,5,3,1,9,1,0,0,1,1,1,1,0,0,1,1,1,0,0,1,1,1,0,1,1,0,0,1,1,1,0,0,0,1,1,189,20,21,25,27,26,24,24,22,2,4,2,2,3,3,4,3,4,3,3,3,3,2,2,4,3,4,4,3,5,4,2,5,2,5,4,5,4,4,3,4,3,3,5,3,3,3,4,3,4,4,3,4,3,3,3,5,3,3,2,4,4,4,2,3,247,27,27,30,32,32,33,32,34,4,5,4,3,3,3,5,5,3,4,3,3,4,5,5,4,5,4,4,4,4,4,5,5,4,5,4,5,5,4,5,5,5,4,4,4,5,5,5,5,4,5,5,5,4,4,4,5,5,5,4,5,5,5,5,5,71.9,82.5,99.5,95.6,92.0,20.0,461.5,92.3,A+,0,0,0.0,0.0,0.0,0
STD-047,ثريا كرم,soraya.karam20@gmail.com,3,2,2,4,0,21,4,5,4,8,1,1,1,1,1,1,1,1,0,1,0,1,0,1,1,1,1,0,1,1,0,0,1,1,1,0,1,0,0,1,25,7,6,4,8,1,1,0,1,0,1,1,1,1,1,1,1,0,0,1,1,0,1,1,1,1,1,1,1,1,1,1,1,1,1,134,15,18,15,15,21,15,19,16,2,2,2,2,3,2,2,3,3,2,3,2,2,3,2,3,2,2,2,2,2,2,3,2,2,2,2,2,3,3,3,3,3,3,3,2,2,2,2,2,2,3,3,3,3,3,3,2,2,3,2,2,2,2,2,3,196,27,23,19,27,27,22,25,26,4,4,4,4,3,4,4,4,3,3,3,4,3,3,3,2,2,3,3,4,2,4,4,3,4,4,4,4,3,4,4,4,4,4,4,2,4,3,3,3,3,4,3,4,4,4,3,3,4,4,4,3,4,3,4,4,72.2,75.0,90.2,76.8,82.0,0.0,396.2,79.2,B,0,0,0.0,0.0,0.0,0
STD-048,نسمة أنور,nesma.anwar.r@gmail.com,3,2,2,5,0,15,3,3,2,7,1,0,0,1,0,1,1,0,0,0,0,0,1,0,1,0,1,1,1,1,0,0,0,1,1,0,1,0,1,1,22,6,6,2,8,1,1,0,1,1,1,1,0,1,1,1,1,1,0,1,1,1,0,0,1,1,0,1,1,1,0,1,0,1,1,146,21,14,20,17,18,21,14,21,3,3,3,3,3,3,3,2,2,2,2,2,2,2,3,3,3,3,3,2,3,3,3,2,2,2,3,2,2,3,3,2,2,3,3,3,3,3,3,3,3,3,2,2,2,2,2,2,2,3,3,3,3,3,3,3,236,32,28,26,30,33,25,32,30,5,4,4,5,5,4,5,4,4,4,4,4,4,4,4,4,4,4,3,4,3,5,4,4,5,4,4,4,5,4,4,5,5,5,5,4,4,3,3,4,3,4,5,4,5,5,5,4,4,4,4,4,5,4,5,4,77.6,75.0,83.8,85.3,84.6,15.0,421.3,84.3,B+,0,0,0.0,0.0,0.0,0
STD-049,جيهان فوزي,gehan.fawzy14@gmail.com,3,2,2,6,0,16,6,4,1,5,1,0,0,1,1,1,1,0,0,0,1,0,0,0,1,1,1,0,0,1,1,1,1,0,1,0,1,0,0,1,23,7,4,3,9,1,0,1,1,1,1,1,0,1,1,1,0,0,0,1,1,1,1,1,1,1,1,1,1,1,1,0,0,1,1,157,19,22,18,21,21,22,19,15,3,2,3,2,3,3,3,3,3,3,3,4,3,3,3,2,2,3,3,2,3,3,3,4,2,3,3,3,2,4,3,3,2,3,4,4,3,3,3,3,3,3,2,2,3,3,3,4,2,2,2,3,2,2,3,1,253,26,28,34,33,33,35,31,33,4,3,5,4,4,3,3,3,4,4,4,4,5,4,5,5,5,4,5,5,5,4,5,5,5,5,5,4,4,5,5,4,5,5,5,5,5,5,5,5,5,5,5,4,5,4,4,4,5,5,5,4,4,5,5,5,66.0,74.6,86.7,83.5,77.5,0.0,388.3,77.7,B,0,0,0.0,0.0,0.0,0
STD-050,عزة سيد,azza.sayed.m7@gmail.com,3,2,2,4,0,19,5,5,1,8,1,1,0,1,1,1,1,0,0,0,1,1,0,0,1,0,1,0,1,1,0,1,1,1,1,1,0,0,1,1,20,6,6,2,6,1,1,0,1,0,1,1,0,1,0,1,1,0,0,1,1,1,0,0,1,0,0,1,1,1,1,1,1,1,1,157,15,19,18,17,19,21,24,24,2,2,2,3,2,2,2,3,3,3,2,2,3,3,3,2,2,2,3,3,3,3,3,2,2,2,3,2,2,3,3,3,3,2,3,3,3,3,3,3,3,3,3,3,3,3,4,4,4,4,3,3,4,3,4,3,250,31,29,29,30,32,33,34,32,4,5,4,4,5,4,5,4,4,3,4,5,4,5,4,4,4,5,4,4,4,4,5,5,4,4,4,4,5,4,5,5,4,4,5,5,5,5,5,4,4,5,5,4,5,5,5,5,5,5,5,5,5,4,4,4,72.2,75.0,90.2,76.8,82.0,0.0,396.2,79.2,B,0,0,0.0,0.0,0.0,0
STD-051,سحر عبدالفتاح,sahar.abdelfatah@gmail.com,3,2,2,2,0,9,2,2,2,3,0,0,1,0,0,1,1,0,0,0,0,0,0,0,1,1,1,0,0,0,0,0,1,0,1,0,0,0,0,1,24,7,6,3,8,1,1,0,1,0,1,1,0,1,1,1,1,0,0,1,1,1,1,1,1,1,1,1,1,1,1,0,1,1,1,129,14,14,17,19,14,15,16,20,2,2,2,2,2,2,2,2,2,2,2,2,2,2,3,3,2,3,2,2,2,3,2,2,3,3,3,3,2,2,2,2,2,2,2,2,2,3,2,2,2,2,2,2,2,2,3,2,3,3,3,3,2,3,3,3,207,27,21,30,28,29,22,22,28,4,3,4,4,4,4,4,3,3,3,3,3,3,3,4,4,5,4,4,4,5,4,4,4,4,4,4,4,4,4,4,4,4,5,4,3,3,3,4,3,3,3,3,3,3,3,3,3,4,4,4,4,4,4,4,4,73.4,87.2,100.0,92.2,89.0,25.0,466.8,93.4,A+,0,0,0.0,0.0,0.0,0
STD-052,إنجي حازم,engy.hazem36@gmail.com,3,2,2,2,0,18,5,5,1,7,1,1,0,1,1,1,1,0,0,0,1,1,0,0,1,0,1,0,1,1,0,0,1,0,1,1,1,0,1,1,23,5,7,2,9,1,1,1,1,1,1,1,0,1,1,0,1,0,0,1,1,1,0,1,1,0,1,1,1,1,1,1,0,1,1,204,21,25,25,24,25,29,25,30,3,3,3,3,3,3,3,3,4,4,3,3,4,4,4,4,4,3,4,3,3,3,4,3,3,3,4,4,3,4,3,4,3,4,4,4,5,3,5,4,5,3,3,4,4,3,4,3,4,4,4,4,5,5,4,4,250,30,30,28,34,31,35,31,31,4,5,4,4,4,4,5,5,4,5,4,4,4,4,4,4,4,5,4,3,4,5,5,5,4,5,5,5,4,5,4,4,5,5,4,5,5,5,5,5,5,5,5,4,4,5,4,5,4,4,4,4,4,5,5,5,73.4,87.2,100.0,92.2,89.0,25.0,466.8,93.4,A+,0,0,0.0,0.0,0.0,0
STD-053,مروة شوقي,marwa.shawky.a@gmail.com,3,2,2,3,0,16,4,4,2,6,1,0,1,1,0,1,1,0,0,1,1,1,0,1,1,0,1,0,1,1,0,0,0,0,1,0,1,0,0,1,21,6,4,2,9,1,0,0,1,1,1,1,0,1,1,1,1,0,1,1,1,0,0,1,1,0,1,1,1,1,1,0,0,1,1,200,24,27,27,28,22,24,20,28,3,4,3,4,3,4,3,4,4,4,4,4,4,3,4,3,4,4,4,4,4,4,4,4,4,4,4,4,3,3,3,4,3,3,3,3,4,4,3,3,4,3,2,3,3,3,3,3,3,4,4,4,4,4,4,4,260,33,33,35,35,29,29,33,33,4,5,4,5,5,5,5,4,5,5,5,5,5,4,5,5,5,5,5,5,5,5,5,5,5,5,5,5,4,5,4,4,4,4,4,4,4,4,4,5,4,4,5,5,5,5,4,4,5,4,5,5,5,4,5,5,72.0,76.3,78.2,80.9,81.8,0.0,389.2,77.8,B,0,0,0.0,0.0,0.0,0
STD-054,غادة رفعت,ghada.refaat45@gmail.com,3,2,2,2,0,17,5,4,3,5,1,1,0,1,0,1,1,1,0,0,1,1,0,1,1,1,1,0,0,1,0,0,1,1,1,0,0,0,0,1,21,7,3,4,7,1,1,1,1,0,1,1,0,0,0,1,0,1,1,1,1,0,0,1,1,1,1,1,1,1,1,0,0,1,1,169,22,22,18,25,15,22,26,19,3,3,3,4,3,3,3,3,3,3,3,3,3,4,3,2,3,3,2,3,2,4,4,3,3,3,4,4,2,2,2,2,3,2,2,3,3,4,3,3,3,3,3,4,3,4,4,4,4,3,2,2,3,3,3,3,221,30,27,30,25,27,30,23,29,5,4,4,5,4,4,4,4,3,4,4,4,4,4,4,4,5,4,5,4,4,3,3,4,4,4,3,4,4,4,4,3,4,4,4,5,4,4,4,5,4,4,3,3,3,3,4,3,4,4,4,5,4,4,4,4,73.4,87.2,100.0,92.2,89.0,25.0,466.8,93.4,A+,0,0,0.0,0.0,0.0,0
STD-055,صفاء عاطف,safaa.atef.h@gmail.com,3,2,2,3,0,23,6,5,3,9,1,1,0,1,1,1,1,0,0,1,1,1,0,0,1,1,1,1,1,1,1,0,1,1,1,0,1,1,1,1,25,7,6,3,9,1,0,1,1,1,1,1,0,1,1,1,1,0,0,1,1,1,0,1,1,1,1,1,1,1,1,1,1,1,1,229,28,28,32,28,24,34,27,28,4,4,4,4,4,4,4,4,4,4,4,4,4,4,4,5,4,5,5,4,5,4,4,4,4,4,4,4,4,3,3,4,3,3,4,4,5,5,5,5,5,5,4,4,4,4,4,4,3,4,4,4,4,4,4,4,236,28,28,28,28,28,28,35,33,4,4,4,4,4,4,4,4,4,4,4,4,4,4,4,4,4,4,4,4,4,4,4,4,4,4,4,4,4,4,4,4,4,4,4,4,4,4,4,4,4,4,5,5,5,5,5,5,5,5,5,4,5,5,4,5,72.0,76.3,78.2,80.9,81.8,0.0,389.2,77.8,B,0,0,0.0,0.0,0.0,0
STD-056,هالة مجدي,hala.magdy82@gmail.com,3,2,2,1,0,22,5,7,1,9,1,1,0,1,1,1,1,0,1,1,1,1,0,0,1,0,1,0,1,1,1,1,1,1,1,0,1,0,1,1,24,5,7,3,9,1,1,0,1,1,0,1,0,1,1,1,1,0,1,1,1,1,0,1,1,0,1,1,1,1,1,1,1,1,1,148,21,20,15,14,21,20,16,21,3,3,3,3,3,3,3,3,3,3,3,3,3,2,2,3,2,2,2,2,2,2,2,2,2,2,2,2,3,3,3,3,3,3,3,3,3,3,3,3,3,2,3,3,2,2,2,2,2,3,3,3,3,3,3,3,239,29,32,35,27,28,33,29,26,4,4,4,5,4,4,4,5,4,4,5,5,4,5,5,5,5,5,5,5,5,3,4,4,4,4,4,4,4,4,4,4,4,4,4,5,5,5,5,4,4,5,4,4,4,4,4,4,5,4,4,3,4,3,4,4,71.9,82.5,99.5,95.6,92.0,20.0,461.5,92.3,A+,0,0,0.0,0.0,0.0,0
STD-057,لبنى حمدان,lobna.hamdan.k@gmail.com,3,2,2,3,0,22,6,6,4,6,1,1,1,1,0,1,1,1,1,0,1,1,0,0,1,1,1,1,1,1,1,0,1,1,1,0,1,0,0,1,25,7,7,4,7,1,1,1,1,0,1,1,1,1,0,1,1,0,1,1,1,1,0,1,1,1,1,1,1,1,1,1,0,1,1,184,23,24,24,25,20,24,23,21,3,4,3,4,3,3,3,4,3,4,4,3,3,3,4,4,3,4,3,3,3,4,4,3,3,4,4,3,3,3,2,3,3,3,3,3,3,3,3,4,4,4,4,3,3,3,3,3,4,3,3,3,3,3,3,3,248,34,30,31,28,31,32,28,34,5,5,4,5,5,5,5,5,4,4,4,4,5,4,4,5,4,4,5,5,4,4,4,4,4,4,4,4,5,4,4,5,4,4,5,5,4,5,4,4,5,5,4,4,4,4,4,4,4,5,5,5,5,5,5,4,72.0,76.3,78.2,80.9,81.8,0.0,389.2,77.8,B,0,0,0.0,0.0,0.0,0
STD-058,رانيا شعبان,rania.shaaban53@gmail.com,3,2,2,2,0,20,4,4,3,9,0,0,0,1,1,1,1,0,1,1,1,1,1,0,1,1,1,1,1,1,0,0,1,1,1,0,0,0,1,1,26,6,7,4,9,1,1,1,1,1,1,1,0,1,1,1,1,0,1,1,0,1,0,1,1,1,1,1,1,1,1,1,1,1,1,156,21,14,17,20,18,22,19,25,4,3,3,2,3,2,4,2,2,3,2,2,2,1,3,3,2,2,3,2,2,3,2,3,4,3,2,3,3,2,3,3,3,3,1,3,2,3,4,4,4,2,4,2,2,2,4,2,3,4,3,3,3,4,4,4,224,28,31,29,28,27,26,23,32,5,3,3,3,5,4,5,5,4,5,4,5,3,5,5,4,4,4,4,5,3,3,5,5,4,5,3,3,4,4,4,4,5,3,3,5,4,4,4,2,3,4,2,2,3,5,4,3,4,5,5,3,5,4,5,5,73.4,87.2,100.0,92.2,89.0,25.0,466.8,93.4,A+,0,0,0.0,0.0,0.0,0
STD-059,سوزان هاني,suzan.hany.m@gmail.com,3,2,2,1,0,22,4,5,5,8,1,0,1,1,1,1,1,1,1,1,1,1,0,1,1,0,1,0,1,1,0,0,1,1,1,0,1,1,0,1,25,7,7,3,8,1,1,0,1,0,1,1,0,1,1,1,1,0,1,1,1,1,0,1,1,1,1,1,1,1,1,1,1,1,1,165,21,20,20,16,22,24,18,24,2,3,3,3,3,3,4,4,3,3,2,3,3,2,2,3,3,3,3,3,3,2,2,2,3,3,2,2,3,4,3,3,3,3,3,4,3,4,3,3,3,4,2,3,2,3,3,3,2,4,3,3,3,4,4,3,232,30,26,30,27,30,31,28,30,4,4,4,5,4,4,5,3,3,4,4,4,4,4,4,4,4,5,4,5,4,3,4,4,4,4,4,4,4,5,4,4,4,5,4,4,5,4,5,4,4,5,4,4,4,4,4,3,5,4,5,4,4,4,5,4,71.9,82.5,99.5,95.6,92.0,20.0,461.5,92.3,A+,0,0,0.0,0.0,0.0,0
STD-060,نيفين بهاء,neveen.bahaa10@gmail.com,3,2,2,5,0,20,5,4,4,7,1,0,0,1,0,1,1,1,0,0,0,1,0,1,1,1,1,0,1,1,0,0,1,1,1,1,1,1,1,1,28,7,7,5,9,1,1,0,1,1,1,1,0,1,1,1,1,1,1,1,1,1,1,1,1,1,1,1,1,1,1,1,1,1,1,147,21,14,15,17,21,18,20,21,3,2,3,3,4,3,3,2,2,2,2,2,2,2,2,2,3,2,2,2,2,4,2,2,2,2,3,2,3,3,3,3,2,3,4,3,2,2,3,2,3,3,3,3,3,3,2,3,3,4,3,2,3,2,3,4,227,26,32,26,32,26,32,25,28,4,3,3,4,4,4,4,4,4,4,5,5,5,5,4,4,3,3,4,4,4,5,5,5,5,4,4,4,3,4,4,3,4,4,4,5,5,5,4,5,4,4,4,3,3,4,4,4,3,4,4,4,3,5,4,4,77.6,75.0,83.8,85.3,84.6,15.0,421.3,84.3,B+,0,0,0.0,0.0,0.0,0
STD-061,هاجر عبدالله,hagar.abdallah3@gmail.com,4,2,1,6,0,10,2,4,0,4,0,0,0,1,0,1,1,0,0,0,0,1,0,0,1,0,0,0,0,1,0,1,0,1,0,0,1,0,0,1,20,6,4,3,7,1,0,1,1,0,1,1,0,1,1,1,0,0,1,1,1,1,0,1,1,1,1,1,1,1,0,0,0,0,1,125,14,14,15,13,19,17,17,16,2,1,2,2,2,3,2,3,3,1,2,2,1,2,2,2,2,3,2,2,2,2,1,2,2,2,2,2,2,2,3,3,4,3,2,2,2,3,3,3,2,2,2,3,2,3,2,2,3,1,3,3,2,2,2,3,192,21,19,23,29,22,20,30,28,3,3,2,4,3,4,2,2,3,2,3,3,4,2,3,4,3,4,3,3,3,4,4,4,4,4,5,4,3,3,2,4,4,3,3,3,3,3,2,4,2,3,4,4,5,5,4,4,4,3,4,5,4,3,4,5,75.0,41.1,88.0,82.0,83.0,0.0,369.1,73.8,C+,0,1,0.0,0.0,0.0,1
STD-062,جومانا عادل,gomana.adel17@gmail.com,4,2,1,4,0,13,3,3,4,3,1,0,0,1,0,0,1,0,1,1,0,1,0,1,1,1,0,1,0,0,0,0,1,0,0,0,0,1,1,0,19,5,5,1,8,1,0,0,1,1,1,1,0,1,1,1,1,0,0,1,1,1,0,1,1,0,0,1,1,1,0,1,0,0,1,159,17,17,21,26,17,15,23,23,3,2,3,1,2,4,2,2,3,2,2,3,2,3,2,3,3,3,4,3,3,4,4,4,3,2,5,4,1,3,3,4,2,3,1,2,2,2,1,3,3,2,4,4,2,3,3,3,4,2,4,3,4,5,3,2,237,27,27,26,33,28,34,31,31,4,5,4,3,4,4,3,4,5,4,3,4,3,4,3,3,5,4,3,5,3,4,5,4,5,5,5,5,5,3,3,4,5,5,3,5,5,5,5,5,4,5,4,5,5,5,4,4,4,4,5,5,4,4,4,5,70.8,79.1,94.2,77.1,48.1,0.0,369.3,73.9,C+,0,0,0.0,0.0,1.0,1
STD-063,رقية حسني,roqaya.hosny.s@gmail.com,4,2,1,2,0,13,3,4,2,4,0,1,1,1,0,1,1,0,0,0,0,1,0,0,1,1,1,0,0,1,0,0,1,1,1,0,0,0,0,0,19,6,4,3,6,1,0,0,1,0,1,1,0,0,1,1,1,1,0,1,0,1,1,0,1,1,1,1,1,1,1,0,0,0,1,163,21,17,22,22,22,16,22,21,3,3,3,3,3,3,3,3,3,2,2,3,2,2,3,3,3,3,3,4,3,3,3,3,3,3,3,4,3,3,3,3,3,4,3,2,3,2,2,3,2,2,3,3,3,3,3,3,4,3,3,3,3,3,3,3,195,21,27,28,21,24,26,25,23,3,3,3,3,3,3,3,4,3,4,4,4,4,4,4,4,4,4,4,4,4,3,3,3,3,3,3,3,4,4,4,3,3,3,3,4,4,3,4,3,4,4,4,3,3,4,4,3,4,3,3,3,4,3,3,4,41.9,64.0,72.3,82.1,83.5,0.0,343.8,68.8,C,1,1,1.0,0.0,0.0,3
STD-064,ضحى عبدالناصر,doha.abdelnaser@gmail.com,4,2,1,1,0,15,6,3,3,3,1,0,1,1,0,1,1,0,0,0,1,1,0,0,1,1,0,1,0,0,1,0,1,0,1,0,1,0,0,1,21,6,3,5,7,1,0,1,1,1,1,1,1,0,0,0,1,1,0,1,1,1,1,1,1,1,0,1,1,1,1,0,0,0,1,186,26,19,24,21,22,24,25,25,3,4,4,4,3,4,4,3,4,2,2,2,2,4,4,3,3,3,4,4,3,3,3,4,3,3,3,2,3,3,3,3,3,4,3,3,4,3,3,3,4,4,3,4,3,3,4,4,4,3,4,4,4,4,3,3,247,31,29,31,34,33,32,32,25,4,4,5,5,4,4,5,4,4,3,5,4,5,4,5,4,5,5,4,4,4,5,5,5,5,4,5,5,5,5,5,5,4,4,5,4,5,4,5,4,5,5,4,5,5,5,4,5,4,3,4,4,3,4,4,3,58.2,73.0,86.7,79.7,80.4,15.0,393.0,78.6,B,1,0,0.0,0.0,0.0,1
STD-065,تسنيم فؤاد,tasneem.fouad48@gmail.com,4,2,1,5,0,14,5,4,1,4,1,1,0,1,0,1,1,0,0,0,1,1,0,0,1,0,1,0,0,1,1,0,1,0,1,0,0,0,0,1,24,7,5,3,9,1,1,0,1,1,1,0,0,1,1,1,1,0,1,1,1,1,0,1,1,1,0,1,1,1,1,1,1,1,1,123,18,14,14,14,14,14,14,21,3,2,2,3,3,3,2,2,2,2,2,2,2,2,2,2,2,2,2,2,2,2,2,2,2,2,2,2,2,2,2,2,2,2,2,2,2,2,2,2,2,2,2,2,2,2,2,2,2,3,3,3,3,3,3,3,136,18,20,14,14,21,16,19,14,2,2,3,3,2,3,3,2,3,3,3,3,3,3,2,2,2,2,2,2,2,2,2,2,2,2,2,2,3,3,3,3,3,3,3,2,2,2,3,2,2,3,3,3,3,2,3,3,2,2,2,2,2,2,2,2,70.6,81.8,79.1,80.5,87.7,20.0,419.7,83.9,B+,0,0,0.0,0.0,0.0,0
STD-066,أروى مدحت,arwa.medhat.a@gmail.com,4,2,1,6,0,17,6,5,1,5,1,0,0,1,0,1,1,0,1,0,1,1,0,0,1,1,1,0,0,1,0,0,1,1,1,1,1,0,0,1,21,5,6,2,8,1,1,0,1,1,1,1,0,1,1,0,1,0,1,1,1,1,0,1,1,1,0,1,1,1,0,1,0,0,1,135,15,14,17,17,16,18,20,18,2,2,2,2,2,3,2,2,2,1,2,2,2,3,2,2,2,3,3,3,2,3,3,2,2,3,2,2,2,2,2,2,2,3,3,2,2,3,2,3,3,3,3,3,3,3,3,3,2,3,3,3,2,2,3,2,172,18,18,20,20,21,29,21,25,3,3,3,2,2,3,2,3,2,2,3,3,2,3,3,3,3,2,3,3,3,3,3,3,3,3,2,3,3,3,3,3,3,3,3,4,5,4,4,4,4,4,3,3,3,3,3,3,3,4,3,4,3,4,3,4,75.0,41.1,88.0,82.0,83.0,0.0,369.1,73.8,C+,0,1,0.0,0.0,0.0,1
STD-067,فرح زكريا,farah.zakaria26@gmail.com,4,2,1,4,0,20,5,6,4,5,1,1,0,1,0,1,1,1,1,1,0,1,1,0,1,1,1,1,0,1,1,0,1,0,1,0,1,0,0,1,23,6,5,3,9,1,0,1,1,1,1,1,0,1,1,1,1,1,0,1,1,1,0,1,1,0,0,1,1,1,1,1,0,1,1,179,22,24,27,21,20,21,23,21,3,3,3,3,3,4,3,4,3,3,3,3,4,4,4,4,4,4,3,4,4,3,3,3,3,3,3,3,3,3,3,3,2,3,3,3,3,3,3,3,3,3,3,3,3,3,3,4,4,3,3,3,3,3,3,3,231,28,27,32,30,28,28,30,28,4,4,4,4,4,4,4,4,3,4,4,4,4,4,4,5,5,4,5,5,4,4,5,4,4,5,4,4,4,4,4,4,4,4,4,4,4,4,4,4,4,4,4,4,5,5,4,4,4,4,4,4,4,4,4,4,70.8,79.1,94.2,77.1,48.1,0.0,369.3,73.9,C+,0,0,0.0,0.0,1.0,1
STD-068,سندس خيري,sondos.khairy.r@gmail.com,4,2,1,1,0,14,4,3,1,6,1,1,0,1,1,1,1,0,0,1,0,0,0,0,0,0,1,1,1,0,0,0,0,0,1,1,0,0,1,1,21,6,6,1,8,1,1,0,1,0,1,0,0,1,1,1,1,0,0,1,1,1,0,1,1,1,1,1,1,1,0,1,0,1,1,176,23,23,17,24,20,27,23,19,3,3,4,4,3,3,3,2,4,4,3,3,4,3,2,3,2,2,2,3,3,2,3,4,2,4,5,4,2,3,3,2,4,3,3,3,4,4,4,4,4,4,3,2,5,4,2,4,3,3,2,2,3,3,3,3,227,24,26,30,28,32,30,30,27,4,4,4,2,3,3,4,3,3,4,4,4,4,4,4,3,5,3,5,5,5,3,4,5,5,4,2,5,5,4,4,5,5,5,4,4,5,5,3,4,4,5,5,3,3,5,5,5,4,4,3,4,4,4,5,3,58.2,73.0,86.7,79.7,80.4,15.0,393.0,78.6,B,1,0,0.0,0.0,0.0,1
STD-069,ابتسام عوض,ebtesam.awad60@gmail.com,4,2,1,6,0,17,5,3,3,6,1,0,0,1,1,1,1,1,0,1,0,1,0,1,1,1,1,0,0,1,0,0,1,0,1,1,0,0,0,1,20,5,4,4,7,1,0,0,1,1,1,1,1,0,0,1,1,1,0,1,0,1,0,1,1,1,0,1,1,1,0,1,1,0,1,155,16,17,23,17,20,19,26,17,3,2,1,4,2,2,2,2,2,1,2,4,3,3,4,2,4,3,4,2,4,2,1,4,3,1,3,3,4,3,4,2,2,3,2,3,3,4,2,2,3,2,4,4,3,4,4,3,4,3,3,2,3,2,3,1,207,28,29,23,28,21,25,29,24,5,5,4,4,4,3,3,4,4,5,4,3,4,5,4,4,2,4,3,2,4,3,5,5,3,3,5,4,2,4,3,4,3,3,2,3,5,4,3,4,3,3,4,3,4,4,5,4,5,3,3,3,5,4,3,3,75.0,41.1,88.0,82.0,83.0,0.0,369.1,73.8,C+,0,1,0.0,0.0,0.0,1
STD-070,آلاء ثروت,alaa.tharwat.n@gmail.com,4,2,1,1,0,14,4,5,2,3,1,0,0,1,0,1,1,0,1,0,0,1,0,0,1,1,0,1,0,0,0,1,1,1,1,0,1,0,0,0,23,6,6,4,7,1,1,1,1,0,1,1,0,1,0,0,1,0,0,1,1,1,1,1,1,1,0,1,1,1,1,1,1,1,1,161,18,22,19,20,19,23,20,20,3,4,3,2,2,2,2,3,3,3,3,3,4,3,3,3,3,3,3,2,2,3,3,3,3,2,3,3,3,3,2,2,3,3,3,3,3,3,3,4,4,3,3,3,3,3,3,2,3,3,3,3,3,2,3,3,231,32,27,27,25,33,25,33,29,4,4,5,5,5,5,4,4,4,4,4,3,4,4,4,4,3,4,4,4,4,4,4,3,3,4,3,4,4,5,5,5,5,4,5,4,4,3,3,3,4,4,5,5,4,5,5,5,4,4,4,4,4,4,5,4,58.2,73.0,86.7,79.7,80.4,15.0,393.0,78.6,B,1,0,0.0,0.0,0.0,1
STD-071,كوثر جلال,kawthar.galal35@gmail.com,4,2,1,5,0,16,2,4,2,8,0,1,1,1,1,1,1,0,0,1,0,1,0,0,1,0,1,0,1,1,0,0,1,1,1,0,0,0,0,1,21,3,6,3,9,1,1,1,1,1,1,1,0,1,1,0,1,1,0,1,0,1,0,1,1,0,0,1,1,1,0,1,0,1,1,172,22,19,21,21,23,22,19,25,3,4,3,3,3,3,3,3,3,3,3,2,2,3,3,3,3,3,3,3,3,3,3,3,3,3,3,3,4,3,3,3,4,3,3,3,3,3,3,3,3,4,3,3,2,3,3,2,3,4,4,4,3,4,3,3,235,28,30,29,29,28,30,32,29,4,4,4,4,4,4,4,4,5,4,4,4,4,5,4,4,4,4,4,4,5,4,4,4,4,4,4,5,4,4,4,4,4,4,4,4,4,4,5,4,5,4,4,5,4,5,4,5,5,4,4,4,5,4,4,4,70.6,81.8,79.1,80.5,87.7,20.0,419.7,83.9,B+,0,0,0.0,0.0,0.0,0
STD-072,خلود يحيى,kholoud.yehia.m@gmail.com,4,2,1,3,0,18,4,6,2,6,1,1,0,1,0,1,1,0,0,0,0,1,0,1,1,0,1,0,1,1,0,1,1,0,1,1,1,0,1,1,25,6,6,4,9,1,1,1,1,1,1,1,0,1,1,1,1,0,0,1,1,1,1,1,1,0,1,1,1,1,1,0,1,1,1,134,14,18,16,14,15,17,19,21,2,2,2,2,2,2,2,2,3,3,3,2,2,3,2,2,2,2,3,3,2,2,2,2,2,2,2,2,2,2,2,3,2,2,2,2,3,3,2,2,2,3,2,3,3,3,2,3,3,3,3,3,3,3,3,3,209,28,24,29,28,22,22,28,28,4,4,4,4,4,4,4,4,3,4,3,3,4,3,4,4,4,4,4,5,4,4,4,4,4,4,4,4,3,3,3,3,3,3,4,3,3,3,3,4,3,3,4,4,4,4,4,4,4,4,4,4,4,4,4,4,69.9,83.1,92.4,87.8,89.7,25.0,447.9,89.6,A,1,0,0.0,0.0,0.0,1
STD-073,بثينة حمزة,buthaina.hamza8@gmail.com,4,2,1,4,0,17,4,4,4,5,1,1,1,1,0,1,1,0,1,1,1,0,0,1,1,0,1,1,0,0,0,0,1,1,1,0,0,0,0,1,23,7,5,3,8,1,0,0,1,1,1,1,0,1,1,1,1,0,0,1,1,1,1,1,1,1,0,1,0,1,1,1,1,1,1,139,21,17,16,15,17,18,16,19,3,3,3,3,3,3,3,3,3,2,2,3,2,2,2,2,3,2,3,2,2,2,2,2,2,2,2,3,3,3,2,2,2,2,3,2,3,2,2,3,3,3,2,2,2,3,3,2,2,2,3,3,3,3,2,3,201,28,21,28,24,23,27,24,26,4,4,4,4,4,4,4,3,3,3,3,3,3,3,4,4,4,4,5,3,4,3,4,3,4,3,4,3,4,3,4,3,3,3,3,4,4,4,4,4,4,3,4,3,3,4,3,4,3,4,4,3,3,4,4,4,70.8,79.1,94.2,77.1,48.1,0.0,369.3,73.9,C+,0,0,0.0,0.0,1.0,1
STD-074,سمية رجب,somaya.ragab.s@gmail.com,4,2,1,5,0,18,5,5,2,6,1,0,0,1,0,1,1,0,0,0,0,1,0,1,1,1,1,0,1,1,0,1,1,1,1,1,1,0,0,1,23,7,7,2,7,1,1,0,1,0,1,1,0,1,0,1,1,0,0,1,1,1,1,1,1,1,1,1,1,1,1,1,0,1,1,154,14,21,18,23,22,19,18,19,2,2,2,2,2,2,2,3,3,3,3,3,3,3,2,3,2,3,2,3,3,3,3,4,4,3,3,3,3,4,3,3,3,3,3,3,2,3,3,3,2,3,3,3,2,3,2,2,3,3,2,3,2,3,3,3,197,24,23,21,27,27,22,25,28,3,3,4,4,3,3,4,4,3,3,3,4,3,3,3,3,3,3,3,3,3,4,3,4,4,4,4,4,3,4,4,4,4,4,4,3,3,3,3,4,3,3,3,4,4,4,3,3,4,4,4,4,4,4,4,4,70.6,81.8,79.1,80.5,87.7,20.0,419.7,83.9,B+,0,0,0.0,0.0,0.0,0
STD-075,وجدان صبحي,wegdan.sobhy22@gmail.com,4,2,1,3,0,18,7,5,0,6,1,1,0,1,0,1,1,0,1,1,1,0,0,0,1,1,1,0,1,1,1,0,0,1,1,1,1,0,0,0,20,5,6,1,8,1,1,0,1,1,1,1,0,1,1,0,0,0,0,1,1,1,0,1,1,0,1,0,1,0,1,1,1,1,1,160,18,19,23,16,21,23,20,20,3,3,3,3,2,2,2,3,3,2,2,3,3,3,3,3,3,4,3,3,4,3,2,2,2,2,3,2,3,3,3,3,3,3,3,3,4,4,3,4,2,3,2,4,4,2,4,2,2,3,3,3,2,4,3,2,187,20,21,25,23,24,23,25,26,3,3,2,2,4,4,2,2,3,4,3,2,4,3,4,4,3,4,3,3,4,4,4,2,3,3,3,4,4,3,3,3,4,3,4,4,3,4,3,3,3,3,4,4,4,3,3,3,4,3,4,4,3,5,3,4,69.9,83.1,92.4,87.8,89.7,25.0,447.9,89.6,A,1,0,0.0,0.0,0.0,1
STD-076,نرمين شاكر,nermeen.shaker.a@gmail.com,4,2,1,3,0,16,4,5,2,5,1,1,0,1,1,1,1,0,0,0,0,1,0,0,1,1,1,1,0,0,0,0,1,0,1,0,1,0,1,1,25,6,7,4,8,1,1,0,1,1,1,1,0,1,1,0,1,1,1,1,1,1,0,1,1,1,1,1,1,1,1,1,1,1,0,160,22,25,21,20,17,17,22,16,4,3,3,2,3,4,3,3,4,4,4,3,4,3,3,3,3,3,3,3,3,2,3,3,3,3,3,3,2,2,2,3,2,3,3,3,2,3,2,2,2,3,3,3,3,4,3,3,3,2,3,3,2,2,2,2,217,27,23,30,29,27,30,26,25,4,4,4,4,4,4,3,3,4,4,3,3,3,3,4,4,4,4,5,5,4,4,4,5,4,4,4,4,4,4,4,4,3,4,4,4,4,5,4,4,5,4,4,4,4,3,4,4,3,3,4,4,3,4,4,3,69.9,83.1,92.4,87.8,89.7,25.0,447.9,89.6,A,1,0,0.0,0.0,0.0,1
STD-077,تغريد لطفي,taghreed.lotfy41@gmail.com,4,2,1,2,0,21,7,5,2,7,1,0,0,1,1,1,1,0,1,1,1,1,1,0,1,1,1,0,1,1,1,1,1,0,0,1,0,0,1,1,23,7,5,2,9,1,1,0,1,1,1,1,0,1,1,1,0,0,0,1,1,1,0,1,1,1,0,1,1,1,1,1,1,1,1,148,17,15,14,22,16,24,20,20,2,2,2,3,3,2,3,2,2,1,3,3,2,2,1,2,2,3,2,2,2,4,4,3,3,3,2,3,3,2,2,2,3,2,2,2,3,4,4,3,4,4,3,3,3,3,3,2,3,2,4,3,3,3,2,3,190,22,21,22,24,24,24,27,26,3,3,4,2,4,3,3,3,4,2,3,2,4,3,3,3,4,3,2,4,3,3,4,3,4,3,4,3,4,4,4,3,3,3,3,4,4,2,4,4,3,3,4,3,4,4,4,4,4,4,4,4,3,3,4,4,41.9,64.0,72.3,82.1,83.5,0.0,343.8,68.8,C,1,1,1.0,0.0,0.0,3
STD-078,ولاء حسان,walaa.hassan.k@gmail.com,4,2,1,2,0,20,6,4,2,8,1,1,0,1,1,1,1,0,0,0,1,1,0,0,1,1,1,1,1,1,0,0,1,1,1,1,0,0,1,1,22,6,7,3,6,1,1,0,1,1,1,1,0,1,0,1,1,1,0,1,1,1,1,1,0,0,1,1,1,0,1,1,0,1,1,173,23,24,26,20,17,20,25,18,2,3,4,3,4,3,4,2,5,4,2,3,5,3,3,4,3,3,4,5,4,4,2,4,3,3,2,2,2,2,3,2,3,2,3,3,2,2,2,4,3,4,3,4,4,3,4,3,4,3,3,2,3,2,3,2,219,28,22,27,23,32,29,28,30,4,3,4,5,4,5,3,3,3,3,3,3,4,3,3,4,5,4,4,3,4,4,3,4,3,3,3,3,5,4,5,4,5,4,5,5,5,5,3,4,4,3,3,4,5,4,4,3,5,4,5,4,4,5,4,4,41.9,64.0,72.3,82.1,83.5,0.0,343.8,68.8,C,1,1,1.0,0.0,0.0,3
STD-079,أمنية رأفت,omneya.raafat16@gmail.com,4,2,1,6,0,22,6,6,2,8,1,0,0,1,1,1,1,0,1,0,0,1,0,0,1,1,1,1,1,1,1,1,1,1,1,1,1,0,1,1,25,7,5,4,9,1,0,1,1,1,1,1,0,1,1,1,1,1,0,1,1,1,0,1,1,1,1,1,1,1,1,0,1,1,1,221,33,28,25,28,28,24,27,28,4,5,5,4,5,5,5,4,4,4,4,4,4,4,4,3,4,4,3,4,3,4,4,4,4,4,4,4,4,4,4,4,4,4,4,3,4,3,4,3,4,3,4,4,3,4,4,4,4,4,4,4,4,4,4,4,260,35,35,35,28,28,35,29,35,5,5,5,5,5,5,5,5,5,5,5,5,5,5,5,5,5,5,5,5,5,4,4,4,4,4,4,4,4,4,4,4,4,4,4,5,5,5,5,5,5,5,4,4,4,4,4,5,4,5,5,5,5,5,5,5,75.0,41.1,88.0,82.0,83.0,0.0,369.1,73.8,C+,0,1,0.0,0.0,0.0,1
STD-080,يمنى ممدوح,yomna.mamdouh.s@gmail.com,4,2,1,3,0,22,6,5,2,9,1,0,0,0,1,1,1,1,1,1,1,1,0,0,1,1,0,0,1,1,1,1,1,1,1,1,1,0,1,1,26,7,7,4,8,1,1,1,1,0,1,1,1,1,1,1,1,1,0,1,1,1,0,1,1,1,1,1,1,1,1,1,0,1,1,178,26,23,21,22,21,21,22,22,3,4,4,3,4,4,4,4,3,3,3,4,3,3,3,3,3,3,3,3,3,3,4,3,3,3,3,3,3,3,3,3,3,3,3,3,3,3,3,3,3,3,3,4,3,3,3,3,3,3,3,3,3,3,3,4,223,27,28,26,31,27,30,29,25,4,4,4,4,3,4,4,4,4,4,4,4,4,4,4,3,3,4,4,4,4,4,5,4,4,4,5,5,4,4,3,4,4,4,4,5,5,4,4,4,4,4,4,4,4,4,4,5,4,3,4,4,3,3,4,4,69.9,83.1,92.4,87.8,89.7,25.0,447.9,89.6,A,1,0,0.0,0.0,0.0,1
STD-081,لجين صالح,lujain.saleh.r@gmail.com,1,1,2,0,1,20,5,6,1,8,1,1,0,1,1,1,1,0,1,0,1,1,0,0,1,0,1,0,1,1,0,1,1,1,1,1,0,0,1,1,20,4,6,3,7,1,1,0,1,1,1,1,0,1,0,0,0,0,1,1,1,1,0,1,0,0,1,1,1,1,0,1,1,1,1,156,19,19,21,20,19,25,15,18,3,2,2,3,2,3,4,4,2,2,3,4,2,2,4,4,2,2,3,3,3,3,3,2,3,3,3,3,2,4,4,3,2,2,2,4,3,3,3,4,5,3,2,2,2,2,4,2,1,4,3,3,2,2,2,2,198,17,20,29,23,27,26,26,30,2,2,4,3,2,2,2,3,3,2,4,2,2,4,5,5,5,4,3,3,4,3,3,3,4,3,4,3,5,5,4,3,4,3,3,5,3,3,4,4,3,4,3,4,4,4,4,4,3,3,5,5,4,4,4,5,73.3,61.1,0.0,0.0,0.0,0.0,134.4,26.9,F,0,0,,,,0
STD-082,غادة نبيل,ghada.nabil.h@gmail.com,1,1,2,0,1,19,4,6,1,8,1,0,0,1,0,1,1,0,1,1,0,1,0,0,1,1,1,0,1,1,0,1,1,1,1,0,1,0,1,1,19,4,5,3,7,1,0,0,1,1,1,1,0,1,0,1,1,1,1,1,0,1,0,1,0,0,0,1,1,1,0,1,0,1,1,177,23,21,28,22,20,20,21,22,3,3,4,3,3,4,3,3,3,3,3,3,3,3,4,4,4,4,4,4,4,4,3,3,3,3,3,3,3,3,3,2,3,3,3,2,3,3,3,3,3,3,3,3,3,3,3,3,3,3,3,3,3,4,3,3,227,31,28,23,27,28,28,34,28,5,4,5,4,4,4,5,4,4,4,4,4,4,4,3,3,4,3,3,4,3,4,4,4,4,3,4,4,4,4,4,4,4,4,4,4,4,4,4,4,4,4,5,5,5,4,5,5,5,4,4,4,4,4,4,4,60.0,60.8,0.0,0.0,0.0,0.0,120.8,24.2,F,0,0,,,,0
STD-083,رشا أنور,rasha.anwar.m@gmail.com,1,1,2,0,1,20,5,5,2,8,1,0,0,1,0,0,1,0,1,1,1,1,0,0,1,1,1,1,1,1,0,1,1,1,1,1,0,0,1,1,22,4,7,3,8,1,1,1,1,1,1,1,0,1,1,1,1,1,0,1,0,1,0,1,0,0,1,1,1,1,0,1,0,1,1,130,15,18,12,13,18,20,16,18,2,2,1,2,2,3,3,3,2,3,3,3,2,2,1,2,2,2,2,1,2,2,1,2,2,1,3,2,2,2,3,2,3,3,3,3,3,3,3,2,3,3,2,3,2,2,3,2,2,2,3,3,2,3,3,2,182,24,20,25,26,18,22,25,22,3,4,3,3,4,4,3,3,2,3,3,3,3,3,3,3,4,4,4,3,4,4,4,3,3,4,4,4,2,3,2,2,3,3,3,3,3,3,3,3,4,3,3,4,4,4,3,3,4,3,3,3,3,4,2,4,60.8,59.1,0.0,0.0,0.0,0.0,119.9,24.0,F,0,0,,,,0
STD-084,ميار حمدي,mayar.hamdi.s@gmail.com,1,1,2,0,1,23,7,6,2,8,1,0,0,1,0,1,1,0,1,1,1,1,0,0,1,1,1,1,1,1,1,1,1,1,1,1,1,0,1,1,26,7,7,4,8,1,1,1,1,1,1,1,0,1,1,1,1,0,0,1,1,1,1,1,1,1,1,1,1,1,1,1,1,1,0,176,25,18,19,24,25,26,20,19,4,4,4,3,4,3,3,3,3,2,2,2,3,3,4,2,2,3,3,3,2,4,3,4,4,3,3,3,4,4,3,3,4,3,4,3,4,3,4,4,4,4,3,3,3,4,2,3,2,2,2,2,3,3,4,3,224,30,30,29,29,26,27,29,24,5,3,5,5,4,4,4,5,4,4,5,4,4,4,4,4,4,4,4,4,5,4,4,4,4,4,5,4,3,4,4,4,3,4,4,3,3,4,4,4,5,4,4,4,4,4,4,5,4,4,3,3,3,4,4,3,54.8,68.7,0.0,0.0,0.0,0.0,123.5,24.7,F,0,0,,,,0
STD-085,نيرة سامي,nayera.sami.k@gmail.com,2,1,1,0,1,20,6,6,2,6,1,0,0,1,0,0,1,0,1,0,1,1,0,0,1,1,1,0,1,1,1,1,1,1,1,1,1,1,0,1,24,6,6,3,9,1,0,0,1,1,1,1,0,1,1,1,1,1,1,1,0,1,0,1,1,1,1,1,1,1,1,1,0,1,1,169,22,24,23,19,25,18,23,15,3,3,3,4,3,2,4,4,3,3,4,3,3,4,3,3,4,3,3,3,4,4,3,3,3,2,2,2,4,4,4,4,3,3,3,2,3,3,3,3,2,2,4,3,3,3,4,3,3,2,3,2,2,3,2,1,153,21,18,19,21,23,22,12,17,3,2,4,3,3,3,3,3,2,4,2,2,2,3,2,3,2,3,3,3,3,4,2,4,4,3,2,2,3,3,3,4,3,3,4,3,3,4,4,3,3,2,1,2,2,2,1,2,2,2,3,2,1,3,3,3,36.4,44.6,0.0,0.0,0.0,0.0,81.0,16.2,F,1,1,,,,2
STD-086,إيمان زكي,iman.zaki.f@gmail.com,2,1,1,0,1,21,6,5,3,7,1,0,0,1,1,1,1,0,1,1,0,1,1,1,1,1,1,0,1,1,1,0,1,1,0,1,1,0,0,1,23,6,6,4,7,1,0,1,1,0,1,1,0,1,1,1,1,1,0,1,1,1,0,0,1,0,1,1,1,1,1,1,1,1,1,166,24,22,16,19,20,24,22,19,4,3,4,4,4,3,2,4,2,3,3,4,3,3,3,1,2,3,1,3,3,3,3,4,3,2,2,2,4,3,3,2,2,3,3,3,4,2,4,4,4,3,4,3,3,4,3,3,2,3,3,3,2,3,3,2,221,28,27,30,32,27,24,29,24,4,5,4,3,4,4,4,4,3,4,4,4,4,4,4,5,5,4,4,4,4,4,5,5,4,4,5,5,4,3,4,3,4,4,5,3,4,4,3,3,3,4,4,5,3,4,5,4,4,4,3,4,3,4,3,3,41.3,28.5,0.0,0.0,0.0,0.0,69.8,14.0,F,1,1,,,,2
STD-087,أسماء حافظ,asmaa.hafez.n@gmail.com,2,1,1,0,1,15,3,4,1,7,0,0,0,1,0,1,1,0,1,1,0,1,0,0,1,0,1,0,0,1,0,0,1,1,1,1,0,0,1,1,19,6,4,2,7,1,0,0,1,0,1,1,0,1,0,1,1,0,0,1,0,1,0,1,1,1,0,1,1,1,1,0,1,1,1,166,23,21,22,26,19,19,18,18,3,3,4,3,3,4,3,3,3,3,3,3,3,3,3,3,4,3,3,3,3,3,4,3,4,4,4,4,3,2,3,3,2,3,3,3,3,2,3,2,3,3,2,2,3,3,2,3,3,2,2,3,3,3,3,2,181,20,20,22,23,27,19,23,27,3,3,2,3,3,3,3,4,2,3,3,3,3,2,4,3,3,2,3,4,3,4,4,3,3,3,3,3,4,4,4,4,4,3,4,3,3,3,2,2,3,3,3,3,4,3,4,3,3,4,4,4,4,3,4,4,43.9,24.8,0.0,0.0,0.0,0.0,68.7,13.7,F,1,1,,,,2
STD-088,دعاء رمضان,doaa.ramadan.y@gmail.com,2,1,1,0,1,25,7,6,3,9,1,0,0,1,1,1,1,1,1,1,1,1,0,0,1,1,1,0,1,1,1,1,1,1,1,1,1,1,1,1,26,7,6,4,9,1,1,1,1,1,1,1,0,1,1,1,1,0,1,1,1,1,0,1,1,1,1,1,1,1,1,0,1,1,1,150,18,22,16,16,18,19,21,20,2,3,2,2,3,3,3,3,3,3,3,3,4,3,2,2,2,3,2,3,2,2,3,2,2,2,2,3,3,3,3,2,2,3,2,2,3,3,3,3,3,2,3,3,3,3,3,3,3,3,3,3,3,2,3,3,188,25,22,27,19,27,26,20,22,3,4,4,3,3,4,4,3,3,3,3,3,4,3,4,4,4,4,4,3,4,3,3,3,3,3,2,2,4,4,3,4,5,4,3,4,4,3,4,3,4,4,3,2,3,3,3,3,3,3,3,3,3,3,4,3,40.8,44.4,0.0,0.0,0.0,0.0,85.2,17.0,F,1,1,,,,2
STD-089,سلوى ممدوح,salwa.mamdouh.t@gmail.com,3,2,2,6,1,19,3,6,3,7,1,0,1,1,0,0,1,0,1,0,0,1,1,0,1,0,1,1,1,1,0,1,0,1,1,1,1,0,1,1,27,7,7,4,9,1,1,1,1,1,1,1,0,1,1,1,1,0,0,1,1,1,1,1,1,1,1,1,1,1,1,1,1,1,1,161,17,19,21,20,24,16,21,23,3,3,2,2,2,3,2,3,2,3,3,2,3,3,3,3,3,3,3,3,3,2,3,3,3,3,3,3,3,3,3,4,3,4,4,2,2,2,3,3,2,2,3,3,3,3,3,3,3,4,3,3,3,3,4,3,238,30,28,26,33,32,25,31,33,4,4,5,5,4,4,4,4,4,4,4,4,4,4,3,4,4,3,4,4,4,5,5,5,5,4,4,5,5,5,5,5,4,4,4,3,3,4,3,4,4,4,5,4,5,4,4,5,4,5,5,4,4,5,5,5,66.0,74.6,0.0,0.0,0.0,0.0,140.6,28.1,F,0,0,,,,0
STD-090,هند ماهر,hend.maher.g@gmail.com,3,2,2,4,1,21,5,6,3,7,1,1,1,1,0,1,1,0,1,1,1,1,1,0,1,1,1,0,1,1,0,0,1,1,1,0,1,0,0,1,26,7,7,4,8,1,1,0,1,0,1,1,1,1,1,1,1,0,0,1,1,1,1,1,1,1,1,1,1,1,1,1,1,1,1,156,15,21,21,19,17,21,21,21,2,3,2,2,2,2,2,3,3,3,3,3,3,3,3,3,3,3,3,3,3,3,2,3,3,2,3,3,2,3,3,3,2,2,2,3,3,3,3,3,3,3,3,3,3,3,3,3,3,3,3,3,3,3,3,3,232,35,35,28,23,28,28,26,29,5,5,5,5,5,5,5,5,5,5,5,5,5,5,4,4,4,4,4,4,4,3,3,3,4,4,3,3,4,4,4,4,4,4,4,4,4,4,4,4,4,4,4,4,4,4,3,4,3,4,5,4,4,4,4,4,72.2,75.0,0.0,0.0,0.0,0.0,147.2,29.4,F,0,0,,,,0
STD-091,رانيا فريد,rania.farid.z@gmail.com,3,2,2,5,1,24,6,6,4,8,1,1,0,1,1,1,1,1,1,0,0,1,0,1,1,1,1,0,1,1,1,1,1,1,1,1,0,1,1,1,25,5,6,5,9,1,1,1,1,1,1,1,1,1,1,1,1,0,0,1,0,1,1,1,1,0,1,1,1,1,1,0,1,1,1,205,26,32,23,25,25,23,26,25,5,4,3,4,3,3,4,4,5,5,5,4,4,5,4,4,3,3,3,3,3,4,4,4,3,4,3,3,3,3,4,4,4,4,3,3,3,3,4,4,3,3,3,4,4,4,4,3,4,3,4,4,4,3,4,3,256,34,29,29,33,34,33,34,30,5,4,5,5,5,5,5,4,5,4,4,4,4,4,4,4,5,4,4,4,4,4,5,5,5,5,4,5,5,5,5,5,4,5,5,5,4,5,5,5,4,5,4,5,5,5,5,5,5,4,4,5,4,4,5,4,77.6,75.0,0.0,0.0,0.0,0.0,152.6,30.5,F,0,0,,,,0
STD-092,عزة طلعت,azza.talaat.b@gmail.com,3,2,2,1,1,24,6,6,3,9,1,0,0,1,1,1,1,0,1,1,1,1,0,1,1,1,1,0,1,1,0,1,1,1,1,1,1,1,1,1,24,7,5,3,9,1,0,0,1,1,1,1,0,1,1,1,1,1,1,1,1,0,0,1,1,1,1,1,1,1,1,1,0,1,1,170,20,16,23,26,21,23,22,19,3,3,2,3,3,3,3,3,3,2,2,2,2,2,3,3,4,3,4,3,3,4,4,4,3,3,4,4,3,3,3,3,3,3,3,3,3,4,3,3,4,3,3,3,3,4,3,3,3,2,3,3,2,3,3,3,262,33,35,32,34,29,34,32,33,5,4,5,5,4,5,5,5,5,5,5,5,5,5,5,4,4,5,5,4,5,5,5,5,5,5,5,4,4,4,4,4,4,4,5,5,5,5,5,4,5,5,5,4,5,5,5,4,4,5,5,4,5,4,5,5,71.9,82.5,0.0,0.0,0.0,0.0,154.4,30.9,F,0,0,,,,0
STD-093,منار شوقي,manar.shawki.r@gmail.com,4,2,1,4,1,20,4,5,3,8,1,0,1,1,0,1,1,0,1,1,0,1,1,0,1,1,1,0,1,1,0,0,1,1,1,0,1,0,1,1,23,5,7,2,9,0,1,0,1,1,1,1,0,1,1,0,1,0,0,1,1,1,0,1,1,1,1,1,1,1,1,1,1,1,1,173,25,20,17,25,25,22,23,16,4,4,4,3,3,3,4,3,3,2,3,3,2,4,3,2,2,2,3,2,3,3,3,5,4,4,3,3,3,4,3,4,4,3,4,4,4,3,2,4,3,2,3,3,4,3,4,3,3,3,2,3,2,2,2,2,235,31,30,30,26,31,29,26,32,4,5,4,4,5,4,5,4,5,3,5,4,4,5,5,4,5,5,4,3,4,4,3,4,3,4,4,4,3,5,4,4,5,5,5,5,4,5,4,3,5,3,4,3,4,3,3,4,5,4,5,5,4,5,5,4,70.8,79.1,0.0,0.0,0.0,0.0,149.9,30.0,F,0,0,,,,0
STD-094,نادين عصام,nadine.essam.l@gmail.com,4,2,1,2,1,23,6,5,3,9,1,0,0,1,1,1,1,0,1,1,1,1,0,1,1,1,1,1,1,1,1,0,1,1,1,0,1,0,1,1,23,6,6,2,9,1,1,1,1,1,0,1,0,1,1,1,1,0,0,1,1,1,0,1,1,1,0,1,1,1,1,1,0,1,1,154,19,21,18,20,18,17,19,22,2,4,2,4,3,2,2,4,3,2,2,4,2,4,2,3,2,3,3,3,2,3,2,3,3,4,2,3,2,2,2,2,3,4,3,2,2,4,3,2,2,2,4,2,3,3,2,2,3,3,4,3,2,4,4,2,227,32,25,20,28,25,33,32,32,4,5,5,5,5,4,4,3,3,4,4,4,4,3,3,2,3,3,3,3,3,4,4,4,4,3,4,5,4,3,4,4,4,3,3,5,5,5,5,4,5,4,5,5,5,4,4,5,4,5,5,3,5,5,4,5,41.9,64.0,0.0,0.0,0.0,0.0,105.9,21.2,F,1,1,,,,2
STD-095,شهد كمال,shahd.kamal.w@gmail.com,4,2,1,5,1,26,7,6,4,9,1,1,1,1,1,1,1,0,1,1,1,1,0,0,1,1,1,1,1,1,1,0,1,1,1,1,1,1,1,1,22,5,6,2,9,1,1,0,0,1,1,1,0,1,1,1,1,0,0,1,1,1,1,1,1,0,0,1,1,1,1,1,0,1,1,116,16,15,14,14,19,15,11,12,2,2,2,2,3,2,3,2,3,3,2,2,1,2,2,2,2,2,2,2,2,2,2,2,2,2,2,2,3,3,2,3,2,3,3,2,2,2,3,2,2,2,2,2,1,2,1,2,1,1,2,2,1,2,2,2,143,16,19,15,18,18,20,23,14,2,2,3,2,2,2,3,2,3,3,3,3,2,3,2,2,2,2,2,3,2,2,3,3,2,3,2,3,3,2,3,3,3,2,2,3,3,3,3,3,3,2,4,2,3,3,3,4,4,2,2,2,2,2,2,2,70.6,81.8,0.0,0.0,0.0,0.0,152.4,30.5,F,0,0,,,,0
STD-096,فاطمة سعيد,fatima.saeed.q@gmail.com,4,2,1,1,1,25,6,6,4,9,1,1,1,1,1,1,1,0,1,1,1,0,1,0,1,1,1,0,1,1,0,1,1,1,1,1,1,1,1,1,23,6,7,3,7,1,1,0,1,1,1,1,0,1,0,1,1,0,0,1,1,1,1,1,1,0,1,1,1,1,1,1,1,0,1,197,21,21,28,24,26,24,25,28,3,3,3,3,3,3,3,2,3,3,3,3,4,3,3,5,5,4,5,3,3,3,3,4,4,3,4,3,3,5,4,4,3,3,4,3,3,3,4,4,4,3,2,4,4,4,3,4,4,4,4,3,4,5,5,3,249,35,29,35,30,29,31,30,30,5,5,5,5,5,5,5,4,4,4,4,4,4,5,5,5,5,5,5,5,5,4,4,4,5,4,5,4,5,4,4,4,5,3,4,4,5,4,5,5,4,4,4,4,5,5,4,4,4,4,4,5,4,5,4,4,58.2,73.0,0.0,0.0,0.0,0.0,131.2,26.2,F,1,0,,,,1
